,measure,demographic,demographic_subset,april_2019_rate,april_2020_rate,april_2021_rate,activity_classification,2019_q1_rate_per_1000,2019_q1_population_rate,2019_q1_percentage_difference_from_population_rate,2020_q1_rate_per_1000,2020_q1_population_rate,2020_q1_percentage_difference_from_population_rate,2021_q1_rate_per_1000,2021_q1_population_rate,2021_q1_percentage_difference_from_population_rate,difference_in_percentage_distance_from_population_rate_2019_to_2021
0,qrisk2,region,South West,4.7287086687561555,0.7920648075061321,2.944897351692881,none,5.217013011763277,6.2411674993504205,-16.41,5.32140445257128,6.12386610698508,-13.1,3.0269528995926165,3.6063551506635783,-16.07,0.33999999999999986
1,qrisk2,region,East,5.10972030890803,0.7643364513295021,3.4368287168638396,none,5.6886369987706376,6.2411674993504205,-8.85,5.745610222848229,6.12386610698508,-6.18,3.411368153941954,3.6063551506635783,-5.41,3.4399999999999995
2,qrisk2,region,South East,4.888868340033175,0.6832229552874807,2.9927661781756454,none,5.324491759038881,6.2411674993504205,-14.69,5.1742626951423025,6.12386610698508,-15.51,2.918893943762205,3.6063551506635783,-19.06,-4.369999999999999
3,qrisk2,region,North East,5.590264267038077,1.0178121644358187,2.978298391033165,none,6.280521729104578,6.2411674993504205,0.63,5.682734559175401,6.12386610698508,-7.2,3.4092910309726903,3.6063551506635783,-5.46,-6.09
4,qrisk2,region,North West,6.550271543136956,0.9311203818806594,4.4155740028854344,none,7.580465155486976,6.2411674993504205,21.46,7.095080627635196,6.12386610698508,15.86,4.27442067247533,3.6063551506635783,18.52,-2.9400000000000013
5,qrisk2,region,East Midlands,5.962906787978776,1.0218699790052603,3.763333730902117,none,6.994560384453767,6.2411674993504205,12.07,6.771572424273335,6.12386610698508,10.58,3.885003041801234,3.6063551506635783,7.73,-4.34
6,qrisk2,region,Yorkshire and The Humber,4.89236475329763,0.9483844455644488,3.3444437905281155,none,5.787459054513408,6.2411674993504205,-7.27,5.876745938816449,6.12386610698508,-4.04,3.504891535679272,3.6063551506635783,-2.81,4.459999999999999
7,qrisk2,region,London,6.803655809694809,1.188819076855116,5.356113805835083,none,8.392273787407236,6.2411674993504205,34.47,7.679759755372932,6.12386610698508,25.41,4.717851740753815,3.6063551506635783,30.82,-3.6499999999999986
8,qrisk2,region,West Midlands,5.351868645162598,1.0146974636602006,3.5593675160880376,none,6.251554464093708,6.2411674993504205,0.17,6.41681828836528,6.12386610698508,4.78,3.846591738202181,3.6063551506635783,6.66,6.49
9,qrisk2,age_band,20-29,0.3089131499085953,,,none,0.40667921683212627,6.241588743481743,-93.48,0.4125606895693714,6.12315164930527,-93.26,0.36182061518424796,3.5944750711499385,-89.93,3.549999999999997
10,qrisk2,age_band,40-49,8.73297344036568,1.2524600746203882,5.236777185632482,none,9.913033449688198,6.241588743481743,58.82,9.832987221792626,6.12315164930527,60.59,5.10072980532417,3.5944750711499385,41.9,-16.92
11,qrisk2,age_band,30-39,1.4419996852396346,0.3831804685758145,1.3497710355049604,sustained drop,1.7912997313102412,6.241588743481743,-71.3,1.8026070210158214,6.12315164930527,-70.56,1.4298952673308427,3.5944750711499385,-60.22,11.079999999999998
12,qrisk2,age_band,70-79,9.929809445698787,1.612384668358699,6.9272161642658245,none,11.79155485000878,6.241588743481743,88.92,11.129868990600642,6.12315164930527,81.77,6.706956967328542,3.5944750711499385,86.59,-2.3299999999999983
13,qrisk2,age_band,50-59,11.878784277092807,1.9718339061520485,7.6110743419090365,none,13.428002462402816,6.241588743481743,115.14,13.345339944389417,6.12315164930527,117.95,7.842590557583294,3.5944750711499385,118.18,3.0400000000000063
14,qrisk2,age_band,60-69,13.88001266260706,2.3012660286991533,8.713140066311784,none,15.744328412280666,6.241588743481743,152.25,15.293614922237643,6.12315164930527,149.77,8.817717798584617,3.5944750711499385,145.31,-6.939999999999998
15,qrisk2,age_band,80+,2.3618387376854484,0.3988929895381248,1.819300060504627,none,2.939480691297625,6.241588743481743,-52.9,2.7857298466921034,6.12315164930527,-54.5,1.7969985456203215,3.5944750711499385,-50.01,2.8900000000000006
16,qrisk2,age_band,0-19,0.0016961907513503092,,,none,0.002075314476750838,6.241588743481743,-99.97,0.0017481269491204136,6.12315164930527,-99.97,0.0022487617665547677,3.5944750711499385,-99.94,0.030000000000001137
17,qrisk2,imd,Least deprived,6.009547652022151,0.8858538854688978,3.7695413851782646,none,6.823168814741898,6.246570081628412,9.23,6.610478862611845,6.126097585150767,7.91,3.728549509197793,3.605390687627997,3.42,-5.8100000000000005
18,qrisk2,imd,4,5.898653329141817,0.867141736759232,3.6826973171655153,none,6.702867839975261,6.246570081628412,7.3,6.434379942582974,6.126097585150767,5.03,3.651732008221742,3.605390687627997,1.29,-6.01
19,qrisk2,imd,3,5.522961140049544,0.9333292115527863,3.6458672381877575,none,6.403179954789162,6.246570081628412,2.51,6.1920630652712765,6.126097585150767,1.08,3.6329582705254206,3.605390687627997,0.76,-1.7499999999999998
20,qrisk2,imd,2,5.217007977742596,0.9224720572385937,3.628801780933185,none,6.000408245385874,6.246570081628412,-3.94,6.035234481772025,6.126097585150767,-1.48,3.6253780614236675,3.605390687627997,0.55,4.49
21,qrisk2,imd,Most deprived,4.5265591839276125,0.8923967835973445,3.213423914131806,none,5.313299458244088,6.246570081628412,-14.94,5.3666600702302105,6.126097585150767,-12.4,3.3914432556201057,3.605390687627997,-5.93,9.01
22,qrisk2,sex,M,4.980273272634801,0.8963956995997332,3.1853486862607707,none,5.842153637732448,6.241656404489935,-6.4,5.811624446165695,6.123203332144051,-5.09,3.3220448531152473,3.606073218421443,-7.88,-1.4799999999999995
23,qrisk2,sex,F,5.885698565958,0.9038279733800051,3.992003730863191,none,6.640657085365658,6.241656404489935,6.39,6.4346101685499955,6.123203332144051,5.09,3.8903909467208133,3.606073218421443,7.88,1.4900000000000002
24,qrisk2,learning_disability,Record of a learning disability,5.710797503634509,0.9288239839524193,5.161512645331416,sustained drop,9.562299312574757,6.241588743481743,53.2,9.584028874865098,6.12315164930527,56.52,9.200924633248222,3.606028976337375,155.15,101.95
25,qrisk2,learning_disability,No record of a learning disability,5.431723987385642,0.8999824198633187,3.5795555066868934,none,6.224099071392341,6.241588743481743,-0.28,6.10463380897205,6.12315164930527,-0.3,3.575294612535702,3.606028976337375,-0.85,-0.57
26,qrisk2,ethnicity,Other,4.711597364772642,0.7055796394257962,3.2360819644345504,none,5.34011878408042,6.488334155069366,-17.7,5.279523420971152,6.275885880449672,-15.88,3.028609586676182,3.6368643195405674,-16.72,0.9800000000000004
27,qrisk2,ethnicity,Black,6.072109250712744,1.2982674719897438,4.498411188726581,none,7.0310772749823345,6.488334155069366,8.36,7.722100072211643,6.275885880449672,23.04,4.499995240548329,3.6368643195405674,23.73,15.370000000000001
28,qrisk2,ethnicity,Asian,5.7942962661960555,1.1075550206222855,4.523846693577579,none,6.79206844409914,6.488334155069366,4.68,7.239916866079621,6.275885880449672,15.36,4.698542584082506,3.6368643195405674,29.19,24.51
29,qrisk2,ethnicity,Mixed,3.4107632376280477,0.4813053632671955,2.318108346157941,none,3.7108864469284177,6.488334155069366,-42.81,3.7770524429622614,6.275885880449672,-39.82,2.2808436938480736,3.6368643195405674,-37.29,5.520000000000003
30,qrisk2,ethnicity,Missing,2.1939695333188416,0.40385822593904813,1.6402054526250527,none,2.5375063107882063,6.488334155069366,-60.89,2.6143912125433553,6.275885880449672,-58.34,1.6551607510397808,3.6368643195405674,-54.49,6.399999999999999
31,qrisk2,ethnicity,White,6.198212387044872,0.9789998148180563,3.8173752409033987,none,7.118518057985178,6.488334155069366,9.71,6.764983948413975,6.275885880449672,7.79,3.8500298912340223,3.6368643195405674,5.86,-3.8500000000000005
32,asthma,region,North East,3.918367050078731,4.617634069884952,3.4420503973921615,increase then return,5.565633287495466,5.371061242011404,3.62,5.835219700594311,5.3838444438246595,8.38,4.384264410277062,3.866136337116244,13.4,9.780000000000001
33,asthma,region,London,3.0573935996835395,3.6721694087854497,2.5112575110403244,increase then decrease,3.5164045656010656,5.371061242011404,-34.53,3.117318152952992,5.3838444438246595,-42.1,2.5384200337844716,3.866136337116244,-34.34,0.18999999999999773
34,asthma,region,East,3.81935959181349,3.775751133470169,3.3610733166048967,no change,5.3909061385672175,5.371061242011404,0.37,5.509747327275825,5.3838444438246595,2.34,4.1086119714403,3.866136337116244,6.27,5.8999999999999995
35,asthma,region,South East,3.3441151490316314,2.7968851558049486,2.5891838689715287,none,4.976793111677477,5.371061242011404,-7.34,4.809314845095169,5.3838444438246595,-10.67,3.1168961374751816,3.866136337116244,-19.38,-12.04
36,asthma,region,North West,3.70277235211328,4.268888546006274,3.5770882810511404,increase then return,5.7783814851134565,5.371061242011404,7.58,5.818968860640147,5.3838444438246595,8.08,4.067015258309329,3.866136337116244,5.2,-2.38
37,asthma,region,East Midlands,3.5405592318882064,3.74207255420372,3.3205325707630773,no change,5.342886266496824,5.371061242011404,-0.52,5.371885676676502,5.3838444438246595,-0.22,3.826846138699017,3.866136337116244,-1.02,-0.5
38,asthma,region,South West,4.11053060642315,3.8179099367166276,3.3325891571124044,no change then decrease,5.909267236608589,5.371061242011404,10.02,5.852829635113511,5.3838444438246595,8.71,4.193925861896538,3.866136337116244,8.48,-1.5399999999999991
39,asthma,region,Yorkshire and The Humber,3.8662628654517674,4.968766713421836,3.616672701702344,increase then return,5.60693767159668,5.371061242011404,4.39,5.777702263272718,5.3838444438246595,7.32,4.015771026565198,3.866136337116244,3.87,-0.5199999999999996
40,asthma,region,West Midlands,3.7722466804127888,3.469154711578556,2.9295164222027577,no change then decrease,5.393195043525975,5.371061242011404,0.41,5.166355538732351,5.3838444438246595,-4.04,3.5311274125168026,3.866136337116244,-8.67,-9.08
41,asthma,age_band,40-49,3.8903960950845993,4.774843297827676,3.6660001696925844,increase then return,5.746476845954497,5.371421002594549,6.98,5.880436897799222,5.383897383672237,9.22,4.440725374557888,3.866445200904091,14.85,7.869999999999999
42,asthma,age_band,30-39,2.7323366322988067,3.7322543411166182,2.7947926948579482,increase then return,4.144197913985056,5.371421002594549,-22.85,4.336620619047667,5.383897383672237,-19.45,3.3222963897904108,3.866445200904091,-14.07,8.780000000000001
43,asthma,age_band,70-79,5.323819512285219,4.372379267841377,4.623379021423639,sustained drop,7.73844476893191,5.371421002594549,44.07,7.414756983621138,5.383897383672237,37.72,5.286962786253997,3.866445200904091,36.74,-7.329999999999998
44,asthma,age_band,50-59,4.61681031520966,4.9861450235510185,4.07551240366143,no change,6.771041482250507,5.371421002594549,26.06,6.763581987593166,5.383897383672237,25.63,5.041250488645033,3.866445200904091,30.38,4.32
45,asthma,age_band,20-29,2.5369121542653588,3.3747155274232874,2.7053674848831832,increase then return,3.6164654037516457,5.371421002594549,-32.67,3.8839258451923206,5.383897383672237,-27.86,3.103671086793831,3.866445200904091,-19.73,12.940000000000001
46,asthma,age_band,60-69,5.335533269331825,4.831290022867976,4.529300853811129,no change then decrease,7.587023533240225,5.371421002594549,41.25,7.447714905831243,5.383897383672237,38.33,5.353552195959257,3.866445200904091,38.46,-2.789999999999999
47,asthma,age_band,80+,4.375705504765284,3.814208172690996,3.987313170117873,no change,6.703993102588026,5.371421002594549,24.81,6.455325358277611,5.383897383672237,19.9,4.472178724709684,3.866445200904091,15.67,-9.139999999999999
48,asthma,age_band,0-19,2.8774933768462803,2.716869992081099,1.894189741006952,no change then decrease,3.833809909892667,5.371421002594549,-28.63,3.763809077829061,5.383897383672237,-30.09,2.163152813541132,3.866445200904091,-44.05,-15.419999999999998
49,asthma,imd,Most deprived,3.8538862323666083,4.297385357102344,3.4028292314983544,no change,5.500226640556263,5.373138058701315,2.37,5.4119691912480254,5.387086008536188,0.46,3.927106797202659,3.8698915404559635,1.48,-0.8900000000000001
50,asthma,imd,2,3.707995066869984,4.105378373024533,3.2529690576229493,no change,5.254522216829294,5.373138058701315,-2.21,5.176403785006726,5.387086008536188,-3.91,3.7663506645392086,3.8698915404559635,-2.68,-0.4700000000000002
51,asthma,imd,3,3.654768443502648,3.7875210835427047,3.254031443674961,no change,5.348449837930684,5.373138058701315,-0.46,5.355208397105225,5.387086008536188,-0.59,3.8604605101336844,3.8698915404559635,-0.24,0.22000000000000003
52,asthma,imd,4,3.710947155008281,3.7528825574043028,3.255168899742921,no change,5.377894888760856,5.373138058701315,0.09,5.468986608554761,5.387086008536188,1.52,3.8789221910581646,3.8698915404559635,0.23,0.14
53,asthma,imd,Least deprived,3.705243780193958,3.7596793438144522,3.2465943284823706,no change,5.383122983628983,5.373138058701315,0.19,5.523263849256562,5.387086008536188,2.53,3.915750791008445,3.8698915404559635,1.19,1.0
54,asthma,sex,M,3.1429638889430906,3.258128891222411,2.6772014585413393,no change,4.5465119389102755,5.371316217139028,-15.36,4.537941756077252,5.383795271327141,-15.71,3.187167652147681,3.866384009735947,-17.57,-2.210000000000001
55,asthma,sex,F,4.3086236605959956,4.627902359596449,3.881814353434002,no change,6.195034634227908,5.371316217139028,15.34,6.229187973589757,5.383795271327141,15.7,4.5462072579945785,3.866384009735947,17.58,2.2399999999999984
56,asthma,learning_disability,Record of a learning disability,6.2409137276005815,5.128045020644869,5.438691118302769,sustained drop,8.72131842699586,5.371421002594549,62.37,8.915940030492338,5.383897383672237,65.6,7.610323378398914,3.866445200904091,96.83,34.46
57,asthma,learning_disability,No record of a learning disability,3.7127262274126926,3.936878810224581,3.2670467019001026,no change,5.353778039531882,5.371421002594549,-0.33,5.3650029998834965,5.383897383672237,-0.35,3.8458898694185915,3.866445200904091,-0.53,-0.2
58,asthma,ethnicity,White,4.140137638085844,4.316823733507521,3.6552927697896034,no change,6.055260576800589,5.470267335117934,10.69,6.089445821501996,5.462807679632132,11.47,4.362060979659251,3.896168532876992,11.96,1.2700000000000014
59,asthma,ethnicity,Missing,1.8796217806628455,1.8844125884047211,1.485763291400059,no change then decrease,2.5972230804569354,5.470267335117934,-52.52,2.628849616101942,5.462807679632132,-51.88,1.7548161955090802,3.896168532876992,-54.96,-2.4399999999999977
60,asthma,ethnicity,Mixed,3.312653296782571,3.7925810591874094,2.8504505550877397,no change,4.775316705338176,5.470267335117934,-12.7,4.5566058287957825,5.462807679632132,-16.59,3.2251691377516694,3.896168532876992,-17.22,-4.52
61,asthma,ethnicity,Asian,4.028851734722656,4.649664298979068,3.260074579709996,increase then decrease,5.148010997795686,5.470267335117934,-5.89,4.884290833765132,5.462807679632132,-10.59,3.551771062727681,3.896168532876992,-8.84,-2.95
62,asthma,ethnicity,Black,3.252634397593208,3.6438160757653724,2.4886615504311047,no change then decrease,4.045012646573296,5.470267335117934,-26.05,3.938863494219644,5.462807679632132,-27.9,2.795770835770939,3.896168532876992,-28.24,-2.1899999999999977
63,asthma,ethnicity,Other,2.3042118499253066,2.222192396995918,1.5708626814398816,no change then decrease,2.8346353619144815,5.470267335117934,-48.18,2.61075264085412,5.462807679632132,-52.21,1.8691107429068392,3.896168532876992,-52.03,-3.8500000000000014
64,copd,region,Yorkshire and The Humber,1.2803572228873155,1.3354742024017014,1.2353220346255462,no change,2.185984307139671,1.8893359962410665,15.7,2.178934597050536,1.823724234037183,19.48,1.2737512281459422,1.126766849674312,13.04,-2.66
65,copd,region,North West,1.5063529008136547,1.309099942842115,1.3615733006053423,no change,2.478722931899962,1.8893359962410665,31.2,2.52710940003036,1.823724234037183,38.57,1.5238188167021018,1.126766849674312,35.24,4.040000000000003
66,copd,region,North East,1.5191627240560461,1.111736268341165,1.1656957047000454,none,2.4368527267211277,1.8893359962410665,28.98,2.285849777085256,1.823724234037183,25.34,1.3808714085352836,1.126766849674312,22.55,-6.43
67,copd,region,South East,1.0241352643909372,0.8080726964281681,0.7908961842387656,none,1.5263787145910592,1.8893359962410665,-19.21,1.4914154540917774,1.823724234037183,-18.22,0.8853359554816683,1.126766849674312,-21.43,-2.219999999999999
68,copd,region,East,0.9427202389834552,0.7985631184075982,0.8842240788363548,sustained drop,1.7808870208005914,1.8893359962410665,-5.74,1.684040565626624,1.823724234037183,-7.66,1.101389854369883,1.126766849674312,-2.25,3.49
69,copd,region,London,0.5884342780527569,0.7092755644823617,0.4042568594801998,increase then decrease,0.9835874603679384,1.8893359962410665,-47.94,0.8638517664590067,1.823724234037183,-52.63,0.4684946107413337,1.126766849674312,-58.42,-10.480000000000004
70,copd,region,South West,1.1819466184338177,0.8908456519005464,0.9908346296402989,none,1.8728395209989266,1.8893359962410665,-0.87,1.7931658843552778,1.823724234037183,-1.68,1.109016114765723,1.126766849674312,-1.58,-0.7100000000000001
71,copd,region,West Midlands,1.0334922412089833,0.8874816622460858,0.7392143063283834,no change then decrease,1.7688637063027446,1.8893359962410665,-6.38,1.6580207115507164,1.823724234037183,-9.09,1.0725665201264147,1.126766849674312,-4.81,1.5700000000000003
72,copd,region,East Midlands,1.0796693700417686,0.8180700674620763,1.0543905044386055,sustained drop,1.88552383747204,1.8893359962410665,-0.2,1.8276638417964468,1.823724234037183,0.22,1.165056884213916,1.126766849674312,3.4,3.6
73,copd,age_band,40-49,0.2855247384013272,0.2661799131893433,0.21163546831151075,no change then decrease,0.47355637723263294,1.889156559555423,-74.93,0.4461205618602317,1.8238277575995367,-75.54,0.2776321983147118,1.1263490265337561,-75.35,-0.4199999999999875
74,copd,age_band,30-39,0.028587222474491924,0.030630875274315687,0.02671663839639767,no change,0.05342607220834977,1.889156559555423,-97.17,0.05109191886086086,1.8238277575995367,-97.2,0.0311151707513161,1.1263490265337561,-97.24,-0.06999999999999318
75,copd,age_band,70-79,4.750254709695841,3.804159369654727,4.080375885711404,sustained drop,7.917492974874648,1.889156559555423,319.1,7.52867134870793,1.8238277575995367,312.8,4.6497209159604695,1.1263490265337561,312.81,-6.2900000000000205
76,copd,age_band,50-59,1.0885841967412426,1.0247926022231382,0.9420540450085132,no change,1.87847246975928,1.889156559555423,-0.57,1.7981966760858936,1.8238277575995367,-1.41,1.1047913710448878,1.1263490265337561,-1.91,-1.3399999999999999
77,copd,age_band,20-29,,,,none,0.006596296953167102,1.889156559555423,-99.65,0.006052682846956864,1.8238277575995367,-99.67,0.003317950210175556,1.1263490265337561,-99.71,-0.05999999999998806
78,copd,age_band,60-69,2.9134323331012384,2.446341593125217,2.484872648361796,sustained drop,4.857935238921387,1.889156559555423,157.15,4.647610059676334,1.8238277575995367,154.83,2.782037326865518,1.1263490265337561,147.0,-10.150000000000006
79,copd,age_band,80+,4.121870878864569,3.5991026556053534,4.053060976513053,no change,7.545274745799396,1.889156559555423,299.4,7.410178066430013,1.8238277575995367,306.3,4.596487931953032,1.1263490265337561,308.09,8.689999999999998
80,copd,age_band,0-19,,,,none,0.0016979033557333757,1.889156559555423,-99.91,0.0011230293652556551,1.8238277575995367,-99.94,0.0014992751004889134,1.1263490265337561,-99.87,0.03999999999999204
81,copd,imd,Least deprived,0.7481783298525074,0.6294783479398061,0.6873744942955756,sustained drop,1.3470390862124626,1.88112254495755,-28.39,1.311984142807793,1.8159246836897796,-27.75,0.8230965832966071,1.121898648342363,-26.63,1.7600000000000016
82,copd,imd,4,0.937955214831976,0.7681948943846832,0.8794097193819196,sustained drop,1.6368802086927687,1.88112254495755,-12.98,1.6023950996881766,1.8159246836897796,-11.76,0.9705674190492034,1.121898648342363,-13.49,-0.5099999999999998
83,copd,imd,3,1.0942240905815326,0.8962755336894157,0.9685312876083079,sustained drop,1.8463979510981847,1.88112254495755,-1.85,1.7988099667705757,1.8159246836897796,-0.94,1.1163339432390758,1.121898648342363,-0.5,1.35
84,copd,imd,2,1.2508640696264304,1.084261401217428,1.0850890299462845,no change,2.097195939340471,1.88112254495755,11.49,2.0047980337937172,1.8159246836897796,10.4,1.2470867876303728,1.121898648342363,11.16,-0.33000000000000007
85,copd,imd,Most deprived,1.4873945056951359,1.339224214482199,1.280780450033709,no change,2.469051462243093,1.88112254495755,31.25,2.354112896797965,1.8159246836897796,29.64,1.4478090517472681,1.121898648342363,29.05,-2.1999999999999993
86,copd,sex,F,1.055996327556323,0.937306167915964,0.9630385888999198,no change,1.797685600656975,1.8891376760737932,-4.84,1.7405269094352451,1.8240727475307577,-4.58,1.0842642892178616,1.1266620083524745,-3.76,1.08
87,copd,sex,M,1.161379555715936,0.9587044054170922,1.009347130059886,sustained drop,1.9807166155357183,1.8891376760737932,4.85,1.9076689650597636,1.8240727475307577,4.58,1.1690272354042037,1.1266620083524745,3.76,-1.0899999999999999
88,copd,learning_disability,Record of a learning disability,0.5783086079629882,0.4448988830696462,0.5543569459427065,sustained drop,1.0225790264483103,1.889156559555423,-45.87,0.9616543072929407,1.824078367186473,-47.28,0.7444559845329884,1.1266533741936677,-33.92,11.949999999999996
89,copd,learning_disability,No record of a learning disability,1.1114838878545348,0.9507257531752996,0.9885915766287695,no change,1.8937206061919667,1.889156559555423,0.24,1.8286934806471244,1.824078367186473,0.25,1.1287512793826535,1.1266533741936677,0.19,-0.04999999999999999
90,copd,ethnicity,Other,0.20849678119659956,0.22241097329726184,0.16425038048425905,no change then decrease,0.38011138628246127,1.749425150716857,-78.27,0.36262405837660894,1.7572053031076473,-79.36,0.25628421998628936,1.1271826549587847,-77.26,1.009999999999991
91,copd,ethnicity,White,1.2994872041517547,1.1364850808766014,1.2436499196248567,no change,2.1676532634003496,1.749425150716857,23.91,2.192390652100095,1.7572053031076473,24.77,1.4094786598949336,1.1271826549587847,25.04,1.129999999999999
92,copd,ethnicity,Missing,0.28970094942718405,0.250710833234539,0.25430980874788617,no change,0.46826967776247236,1.749425150716857,-73.23,0.48254713197889165,1.7572053031076473,-72.54,0.29583106892508626,1.1271826549587847,-73.75,-0.519999999999996
93,copd,ethnicity,Mixed,0.18467753570913287,0.1762156248027437,0.19357898506538132,no change,0.3354900474904299,1.749425150716857,-80.82,0.3067512222311462,1.7572053031076473,-82.54,0.20110225331256093,1.1271826549587847,-82.16,-1.3400000000000034
94,copd,ethnicity,Asian,0.2329496861395591,0.32095996206836813,0.22644966384233614,increase then return,0.4237779479194265,1.749425150716857,-75.78,0.3861550823090889,1.7572053031076473,-78.02,0.28090254082465815,1.1271826549587847,-75.08,0.7000000000000028
95,copd,ethnicity,Black,0.22642430733851024,0.2582089686989337,0.1915647648542511,no change then decrease,0.39216698708102976,1.749425150716857,-77.58,0.35241670776119144,1.7572053031076473,-79.94,0.24603212609090389,1.1271826549587847,-78.17,-0.5900000000000034
96,sodium,region,London,27.98051204256937,4.497196855564683,27.45819155867661,sustained drop,28.967783480327597,40.1199295542568,-27.8,26.054897224615402,37.31355720926535,-30.17,23.157422100846137,34.89130801294328,-33.63,-5.830000000000002
97,sodium,region,West Midlands,35.17115948710414,6.119483907705946,31.76089961368458,sustained drop,37.904398291243176,40.1199295542568,-5.52,34.78117964472683,37.31355720926535,-6.79,29.495944411354305,34.89130801294328,-15.46,-9.940000000000001
98,sodium,region,South West,40.5885694541958,12.29215495260186,39.60997964317951,sustained drop,44.430214347149274,40.1199295542568,10.74,41.3438753950376,37.31355720926535,10.8,39.82119618276937,34.89130801294328,14.13,3.3900000000000006
99,sodium,region,Yorkshire and The Humber,36.673695791693405,8.83035784135951,35.43962359931847,sustained drop,39.928225233462065,40.1199295542568,-0.48,37.07379652546373,37.31355720926535,-0.64,35.20918582163339,34.89130801294328,0.91,1.3900000000000001
100,sodium,region,East,35.375347189933166,8.687898550030699,35.35522147619792,sustained drop,38.836277791216126,40.1199295542568,-3.2,36.23567299777686,37.31355720926535,-2.89,33.45749493311801,34.89130801294328,-4.11,-0.9100000000000001
101,sodium,region,North West,41.55896560193686,9.980310127620262,41.23069997618817,sustained drop,45.53665459923068,40.1199295542568,13.5,42.73750348944626,37.31355720926535,14.54,39.72652803940815,34.89130801294328,13.86,0.35999999999999943
102,sodium,region,North East,36.13716284769825,9.887318168805095,34.86079770758541,sustained drop,39.46688664903623,40.1199295542568,-1.63,36.56755177928965,37.31355720926535,-2.0,36.38456505205111,34.89130801294328,4.28,5.91
103,sodium,region,South East,36.09997637585321,9.465994443872827,34.24818247176332,sustained drop,38.450481348527326,40.1199295542568,-4.16,35.52870959271234,37.31355720926535,-4.78,33.37518794724081,34.89130801294328,-4.35,-0.1899999999999995
104,sodium,region,East Midlands,38.08173732230845,10.208892517314023,36.73511753633053,sustained drop,41.628221412598826,40.1199295542568,3.76,39.12960596131607,37.31355720926535,4.87,36.53107706883433,34.89130801294328,4.7,0.9400000000000004
105,sodium,age_band,60-69,68.01424662452948,16.31102949687325,63.08811301727807,sustained drop,74.15818406014232,40.11707692519327,84.85,68.78992969862868,37.309805165825814,84.37,61.231433765765644,34.886651876110754,75.52,-9.329999999999998
106,sodium,age_band,40-49,31.485503218716158,7.3475943186662205,30.74029190326242,sustained drop,35.00431819620048,40.11707692519327,-12.74,31.763940598138973,37.309805165825814,-14.86,29.700549514938803,34.886651876110754,-14.87,-2.129999999999999
107,sodium,age_band,30-39,18.881709985336254,4.765162798684169,19.47846217867797,sustained drop,20.85953332549244,40.11707692519327,-48.0,19.025255581048118,37.309805165825814,-49.01,19.541323256797728,34.886651876110754,-43.99,4.009999999999998
108,sodium,age_band,70-79,93.96129610669806,23.544701422298107,88.80123848497841,sustained drop,100.82583930805464,40.11707692519327,151.33,94.26154420603525,37.309805165825814,152.65,85.36726562880075,34.886651876110754,144.7,-6.630000000000024
109,sodium,age_band,50-59,46.28262580003355,11.236129778198414,44.067061005072354,sustained drop,51.05063261969812,40.11707692519327,27.25,47.27932131395351,37.309805165825814,26.72,43.358129143185955,34.886651876110754,24.28,-2.969999999999999
110,sodium,age_band,80+,115.1745197104268,34.627867455441844,113.9584257478397,sustained drop,123.25551428096503,40.11707692519327,207.24,115.22747363734611,37.309805165825814,208.84,109.25188069242883,34.886651876110754,213.16,5.9199999999999875
111,sodium,age_band,0-19,4.694490602820539,0.8205261811300316,4.707109249644733,sustained drop,5.248770302159605,40.11707692519327,-86.92,4.864466279517699,37.309805165825814,-86.96,4.274772507979348,34.886651876110754,-87.75,-0.8299999999999983
112,sodium,age_band,20-29,13.888893467822097,3.4274198828326536,14.650345420710659,sustained drop,14.99403532845067,40.11707692519327,-62.62,13.863787267622278,37.309805165825814,-62.84,15.03461096647412,34.886651876110754,-56.9,5.719999999999999
113,sodium,imd,Least deprived,38.28922674435483,9.907810922192148,37.85751048807615,sustained drop,41.813934206573045,40.091332952409154,4.3,38.94619590528608,37.297961948198285,4.42,36.65847005409214,34.89129242808527,5.06,0.7599999999999998
114,sodium,imd,3,37.95916496220771,9.737706542493793,36.90517323398481,sustained drop,41.16043164959043,40.091332952409154,2.67,38.236946643685705,37.297961948198285,2.52,35.843158165678425,34.89129242808527,2.73,0.06000000000000005
115,sodium,imd,2,36.01669476858372,8.809440271822885,34.888934013885134,sustained drop,39.040577917649586,40.091332952409154,-2.62,36.3959307107923,37.297961948198285,-2.42,33.833750413595936,34.89129242808527,-3.03,-0.4099999999999997
116,sodium,imd,Most deprived,33.73052767995374,8.049813185875388,32.30403641922155,sustained drop,36.81684535828638,40.091332952409154,-8.17,34.0501887806357,37.297961948198285,-8.71,31.85421542742237,34.89129242808527,-8.7,-0.5299999999999994
117,sodium,imd,4,38.11098430513954,9.925996529345566,37.47846486909076,sustained drop,41.655671277755566,40.091332952409154,3.9,38.88831175644446,37.297961948198285,4.26,36.29559588894723,34.89129242808527,4.02,0.11999999999999966
118,sodium,sex,F,40.724548159474516,10.047289198968405,40.578522400216265,sustained drop,43.87338680982302,40.116901621924406,9.36,40.46812092171485,37.309765043556375,8.47,38.81749818185556,34.88657300767406,11.27,1.9100000000000001
119,sodium,sex,M,32.971978645618066,8.521298623385773,31.203911939673397,sustained drop,36.35557269320146,40.116901621924406,-9.38,34.149636606855246,37.309765043556375,-8.47,30.959485220421033,34.88657300767406,-11.26,-1.879999999999999
120,sodium,learning_disability,Record of a learning disability,47.85503730893728,10.521468322419,48.90327220424308,sustained drop,60.59583830887101,40.11707692519327,51.05,57.503539065792175,37.309805165825814,54.12,63.950946686243725,34.886651876110754,83.31,32.260000000000005
121,sodium,learning_disability,No record of a learning disability,36.79201782108589,9.277823978494204,35.81490738997799,sustained drop,40.00922543639802,40.11707692519327,-0.27,37.20177024773712,37.309805165825814,-0.29,34.72701147119592,34.886651876110754,-0.46,-0.19
122,sodium,ethnicity,Asian,35.95473709075942,5.956603538462006,33.24521239091388,sustained drop,36.37174022157802,39.12350863188875,-7.03,33.2547420794184,36.76950642617345,-9.56,31.255589565067726,34.886057820383776,-10.41,-3.38
123,sodium,ethnicity,Black,30.563343676658214,6.099509764090896,29.001897163329126,sustained drop,32.20997262974283,39.12350863188875,-17.67,30.069786716056523,36.76950642617345,-18.22,27.053865638421414,34.886057820383776,-22.45,-4.779999999999998
124,sodium,ethnicity,Mixed,19.70567017746357,4.176573316220254,19.43049062593765,sustained drop,21.14296788878461,39.12350863188875,-45.96,19.569161612158645,36.76950642617345,-46.78,18.684340447472007,34.886057820383776,-46.44,-0.4799999999999969
125,sodium,ethnicity,Missing,14.419996072673323,2.311592752319075,15.255618483311151,sustained drop,15.90033283123284,39.12350863188875,-59.36,15.063038411964937,36.76950642617345,-59.03,13.944385098835275,34.886057820383776,-60.03,-0.6700000000000017
126,sodium,ethnicity,White,40.04404246463125,10.380380756187241,40.363475492242245,sustained drop,43.78169093654029,39.12350863188875,11.91,41.32281679760373,36.76950642617345,12.38,39.43326399557663,34.886057820383776,13.03,1.1199999999999992
127,sodium,ethnicity,Other,23.147441615527637,4.1663710773702585,21.880247493871188,sustained drop,25.039965994155153,39.12350863188875,-36.0,22.479381035661902,36.76950642617345,-38.86,20.0987335770143,34.886057820383776,-42.39,-6.390000000000001
128,cholesterol,region,Yorkshire and The Humber,18.531347368735556,1.961913974172883,16.838474323653212,sustained drop,20.84773249606252,20.596566888724684,1.22,19.118167424495798,18.71346079543826,2.16,16.273710261970837,16.418828054353096,-0.88,-2.1
129,cholesterol,region,West Midlands,20.48543738506198,2.1677168701278116,19.012997007700992,sustained drop,21.890275548235014,20.596566888724684,6.28,20.127712772598326,18.71346079543826,7.56,16.759405155831388,16.418828054353096,2.07,-4.210000000000001
130,cholesterol,region,South West,15.811955828088092,2.158028140420303,14.941438132549788,sustained drop,18.248694367661184,20.596566888724684,-11.4,16.339257866783935,18.71346079543826,-12.69,14.64832315963337,16.418828054353096,-10.78,0.620000000000001
131,cholesterol,region,London,20.332098750978925,1.901638066305749,19.019184825888654,sustained drop,21.026415133475428,20.596566888724684,2.09,18.029908254413623,18.71346079543826,-3.65,14.57561952571767,16.418828054353096,-11.23,-13.32
132,cholesterol,region,East Midlands,20.098479227272826,2.6448540163532686,18.53622791975586,sustained drop,22.268737830266343,20.596566888724684,8.12,20.462876438954144,18.71346079543826,9.35,17.905542538772895,16.418828054353096,9.05,0.9300000000000015
133,cholesterol,region,South East,14.848377945813933,1.6537885308887044,13.058546966030885,sustained drop,15.816378051372398,20.596566888724684,-23.21,14.414873039395124,18.71346079543826,-22.97,12.43749989592906,16.418828054353096,-24.25,-1.0399999999999991
134,cholesterol,region,North East,20.553698902129916,2.78069534542847,17.694755542242483,sustained drop,22.97828273354071,20.596566888724684,11.56,20.565559422881854,18.71346079543826,9.9,19.154000236099083,16.418828054353096,16.66,5.1
135,cholesterol,region,North West,22.726386663391775,2.0733076559541725,21.269330211229818,sustained drop,25.8140902178646,20.596566888724684,25.33,23.639365057562415,18.71346079543826,26.32,19.958394942467738,16.418828054353096,21.56,-3.7699999999999996
136,cholesterol,region,East,17.156931651971693,1.9367328039372373,17.644313597054914,sustained drop,19.173525768989233,20.596566888724684,-6.91,17.56090327593301,18.71346079543826,-6.16,16.235978357648776,16.418828054353096,-1.11,5.8
137,cholesterol,age_band,50-59,28.117786233882484,3.3103758650213067,25.04449173776466,sustained drop,31.62515333975055,20.59518789091166,53.56,28.498435118914724,18.710310920312164,52.31,24.115873402812124,16.417146022418354,46.89,-6.670000000000002
138,cholesterol,age_band,40-49,18.28589874015855,2.0513212875135256,15.819190950582636,sustained drop,20.52224874361774,20.59518789091166,-0.35,18.190051546061465,18.710310920312164,-2.78,14.875156605264436,16.417146022418354,-9.39,-9.040000000000001
139,cholesterol,age_band,30-39,6.488697665447044,0.9701740687845758,6.803159649047915,sustained drop,7.321493276982774,20.59518789091166,-64.45,6.737597663727115,18.710310920312164,-63.99,6.721378574307242,16.417146022418354,-59.06,5.390000000000001
140,cholesterol,age_band,0-19,0.5032032562339251,0.08665684805273828,0.5375327415667648,sustained drop,0.5316074252055024,20.59518789091166,-97.42,0.509182658490301,18.710310920312164,-97.28,0.514407027908861,16.417146022418354,-96.87,0.5499999999999972
141,cholesterol,age_band,80+,45.39521294791936,5.2161027495594885,46.27896544578261,sustained drop,50.65514149945697,20.59518789091166,145.96,45.91382064644565,18.710310920312164,145.39,41.9498721820207,16.417146022418354,155.52,9.560000000000002
142,cholesterol,age_band,60-69,41.398940042873335,4.567338524249125,37.176574943153945,sustained drop,45.67228265506713,20.59518789091166,121.76,41.3818204912693,18.710310920312164,121.17,34.99638099398015,16.417146022418354,113.17,-8.590000000000003
143,cholesterol,age_band,20-29,3.198256635286321,0.536209528947458,3.576997582303589,sustained drop,3.60306625396667,20.59518789091166,-82.51,3.432873111556797,18.710310920312164,-81.65,3.685086702712224,16.417146022418354,-77.55,4.960000000000008
144,cholesterol,age_band,70-79,49.59663269039831,5.1334054049853775,47.489217271211736,sustained drop,54.60314316890601,20.59518789091166,165.13,49.55977303752141,18.710310920312164,164.88,43.47827755221107,16.417146022418354,164.83,-0.29999999999998295
145,cholesterol,imd,Most deprived,17.736868155468294,2.1733300427599804,16.43028549305458,sustained drop,19.586641807374974,20.569473444844608,-4.78,17.832897725726802,18.69214818147641,-4.6,15.84369413605483,16.40753068869935,-3.44,1.3400000000000003
146,cholesterol,imd,2,18.830071166747,2.18300200442518,17.7999308083391,sustained drop,20.738149561348667,20.569473444844608,0.82,18.994578451490266,18.69214818147641,1.62,16.56671654984326,16.40753068869935,0.97,0.15000000000000002
147,cholesterol,imd,3,19.11400409755646,2.1834144350118723,17.958514646062532,sustained drop,21.178884439639102,20.569473444844608,2.96,19.125781048229086,18.69214818147641,2.32,16.787844298081357,16.40753068869935,2.32,-0.6400000000000001
148,cholesterol,imd,4,18.420558745678036,2.089156114946171,17.64626665076444,sustained drop,20.791905817582677,20.569473444844608,1.08,18.87362449471908,18.69214818147641,0.97,16.447679837763683,16.40753068869935,0.24,-0.8400000000000001
149,cholesterol,imd,Least deprived,18.373167870298108,2.034238019218827,17.457701783296077,sustained drop,20.55800665806721,20.569473444844608,-0.06,18.636082009010384,18.69214818147641,-0.3,16.395653085540705,16.40753068869935,-0.07,-0.010000000000000009
150,cholesterol,sex,M,18.33339288476157,2.283514107715592,16.898872746833508,sustained drop,20.670125262775617,20.595047472097615,0.36,18.900571200994296,18.710194643395255,1.02,16.30446821383313,16.41703085873148,-0.69,-1.0499999999999998
151,cholesterol,sex,F,18.711910632703315,1.981625967619757,18.047694436405774,sustained drop,20.52014294196473,20.595047472097615,-0.36,18.519933423439017,18.710194643395255,-1.02,16.529826968237327,16.41703085873148,0.69,1.0499999999999998
152,cholesterol,learning_disability,Record of a learning disability,26.626292158295918,3.2313708349269037,27.448160134244276,sustained drop,36.501967229905574,20.59518789091166,77.24,35.01948802590363,18.710310920312164,87.17,40.94355035633482,16.417146022418354,149.4,72.16000000000001
153,cholesterol,learning_disability,No record of a learning disability,18.47986245980992,2.1267820508102373,17.41746535923759,sustained drop,20.511414128774508,20.59518789091166,-0.41,18.623055411573432,18.710310920312164,-0.47,16.282422717962756,16.417146022418354,-0.82,-0.41
154,cholesterol,ethnicity,Other,13.633969929175578,1.3402178477136726,12.173748945040774,sustained drop,14.855918780047071,20.664126398548873,-28.11,12.84022869095528,18.816362940040758,-31.76,10.745617916856018,16.521705444420846,-34.96,-6.850000000000001
155,cholesterol,ethnicity,Mixed,9.90910402539316,1.167757274812212,9.257914960751862,sustained drop,10.658737927352837,20.664126398548873,-48.42,9.679753803345534,18.816362940040758,-48.56,8.72990543851351,16.521705444420846,-47.16,1.2600000000000051
156,cholesterol,ethnicity,Missing,7.912835974312375,0.7498003059060865,7.965651469335249,sustained drop,8.824602973727835,20.664126398548873,-57.3,8.265177344776257,18.816362940040758,-56.07,7.261508166153118,16.521705444420846,-56.05,1.25
157,cholesterol,ethnicity,White,20.18329810486514,2.3404556212854204,19.082657619652387,sustained drop,22.654335461218327,20.664126398548873,9.63,20.685192148873217,18.816362940040758,9.93,18.13096326884765,16.521705444420846,9.74,0.10999999999999943
158,cholesterol,ethnicity,Asian,22.737459814543257,2.2442882196144223,20.28554387662382,sustained drop,22.56663417471948,20.664126398548873,9.21,19.995043394698623,18.816362940040758,6.26,18.32165732262965,16.521705444420846,10.89,1.6799999999999997
159,cholesterol,ethnicity,Black,18.279332776788948,2.141509348789758,16.805607134275135,sustained drop,19.236223690312915,20.664126398548873,-6.91,17.468724650591483,18.816362940040758,-7.16,14.980554964731269,16.521705444420846,-9.33,-2.42
160,tsh,region,East Midlands,20.47905419605719,4.096091179889063,20.12412240262005,sustained drop,22.021485189838714,21.78177368099053,1.1,19.98707652099351,19.61385186469961,1.9,19.348362875769613,18.835354587608936,2.72,1.62
161,tsh,region,North West,23.817042694456465,3.555628013768354,23.75918844628499,sustained drop,26.183400627735026,21.78177368099053,20.21,23.908017813223037,19.61385186469961,21.89,22.267926305265362,18.835354587608936,18.22,-1.990000000000002
162,tsh,region,West Midlands,22.34876310230053,2.636194107081377,21.377470165614383,sustained drop,24.150499833353162,21.78177368099053,10.87,21.39585701828665,19.61385186469961,9.09,18.668801981117245,18.835354587608936,-0.88,-11.75
163,tsh,region,South West,18.05627111058102,3.9275990952159465,18.062177123542856,sustained drop,19.677729989974125,21.78177368099053,-9.66,17.42412729233707,19.61385186469961,-11.16,17.61582629907529,18.835354587608936,-6.47,3.1900000000000004
164,tsh,region,Yorkshire and The Humber,19.541631528364555,3.2147935177152456,19.08182609646065,sustained drop,20.77708569392213,21.78177368099053,-4.61,18.949496359670643,19.61385186469961,-3.39,18.49149483987286,18.835354587608936,-1.83,2.7800000000000002
165,tsh,region,East,19.640335378446938,3.37691292487619,20.09966944219185,sustained drop,21.283935327026217,21.78177368099053,-2.29,19.22972480855367,19.61385186469961,-1.96,18.2830408448636,18.835354587608936,-2.93,-0.6400000000000001
166,tsh,region,South East,20.019722679117585,3.7881544573239747,20.30363155250293,sustained drop,21.464058819491367,21.78177368099053,-1.46,19.43105608380252,19.61385186469961,-0.93,19.11353985134625,18.835354587608936,1.48,2.94
167,tsh,region,North East,20.897351511162345,4.1236294079981795,19.88900628050139,sustained drop,23.1809590366627,21.78177368099053,6.42,20.620239218772433,19.61385186469961,5.13,20.77615135899074,18.835354587608936,10.3,3.880000000000001
168,tsh,region,London,20.753553249605194,2.6422138846745096,20.52790849200029,sustained drop,21.544066529943226,21.78177368099053,-1.09,18.821515761010243,19.61385186469961,-4.04,16.897827670871273,18.835354587608936,-10.29,-9.2
169,tsh,age_band,20-29,11.8662870914195,2.314408650585181,12.584615231653096,sustained drop,12.678215797751726,21.781469210519308,-41.79,11.508964864900832,19.612684712775714,-41.32,12.642378345734008,18.83246389526367,-32.87,8.920000000000002
170,tsh,age_band,0-19,3.7793014596475287,0.5212512350472486,3.878061886475932,sustained drop,4.137879824765867,21.781469210519308,-81.0,3.8523934142360736,19.612684712775714,-80.36,3.4376404001274854,18.83246389526367,-81.75,-0.75
171,tsh,age_band,80+,46.50468879622712,9.270141211414932,47.015507327551404,sustained drop,50.07155468462395,21.781469210519308,129.88,44.76292716739457,19.612684712775714,128.23,43.30604201286335,18.83246389526367,129.95,0.06999999999999318
172,tsh,age_band,60-69,33.022077342790844,5.300537131523708,31.27653438396568,sustained drop,35.38133562974905,21.781469210519308,62.44,31.88591603843398,19.612684712775714,62.58,28.932761557124817,18.83246389526367,53.63,-8.809999999999995
173,tsh,age_band,50-59,26.466183938229577,4.546469054373465,25.60671440743747,sustained drop,28.66789397884341,21.781469210519308,31.62,25.73829864149583,19.612684712775714,31.23,24.159105925751692,18.83246389526367,28.28,-3.34
174,tsh,age_band,70-79,40.441060850283606,6.548612912092983,38.72883013519874,sustained drop,42.833940219901415,21.781469210519308,96.65,38.54411167536815,19.612684712775714,96.53,35.283818666886155,18.83246389526367,87.36,-9.290000000000006
175,tsh,age_band,30-39,15.428674428548947,3.1440826303203844,15.944896352510948,sustained drop,16.941371267372073,21.781469210519308,-22.22,15.07542573363646,19.612684712775714,-23.13,15.674615309359433,18.83246389526367,-16.77,5.449999999999999
176,tsh,age_band,40-49,21.368658458289566,3.694371452140016,21.406559418818905,sustained drop,23.469486610908348,21.781469210519308,7.75,20.792578001159004,19.612684712775714,6.02,20.038659334665866,18.83246389526367,6.4,-1.3499999999999996
177,tsh,imd,Most deprived,19.95582351780304,3.4089724877174876,19.63327959896136,sustained drop,21.67966289740536,21.773163789815868,-0.43,19.593796695857833,19.616158312375706,-0.11,18.76923974340259,18.842223682029417,-0.39,0.03999999999999998
178,tsh,imd,2,20.51275564025201,3.5224331102836746,20.273449120731094,sustained drop,21.96033656785679,21.773163789815868,0.86,19.855575498808207,19.616158312375706,1.22,18.96580061923788,18.842223682029417,0.66,-0.19999999999999996
179,tsh,imd,3,20.564472248951834,3.661750314109321,20.406340812848544,sustained drop,22.08840305361149,21.773163789815868,1.45,19.815194333988373,19.616158312375706,1.01,19.133643241009583,18.842223682029417,1.55,0.10000000000000009
180,tsh,imd,4,20.085038704830012,3.625754652328142,20.244532100952487,sustained drop,21.813475781039838,21.773163789815868,0.19,19.57378384860556,19.616158312375706,-0.22,18.72355162569772,18.842223682029417,-0.63,-0.8200000000000001
181,tsh,imd,Least deprived,19.765782827204745,3.5459623187384626,19.85546065427288,sustained drop,21.319031907733798,21.773163789815868,-2.09,19.238376492616336,19.616158312375706,-1.93,18.616601333016465,18.842223682029417,-1.2,0.8899999999999999
182,tsh,sex,M,14.384753077393965,2.513423236132585,13.923019003250687,sustained drop,15.855505300505094,21.781183198208353,-27.21,14.422062308973429,19.612600262268128,-26.47,13.292826743978935,18.83230011054103,-29.41,-2.1999999999999993
183,tsh,sex,F,25.985408112117543,4.584014278699806,26.239239033816457,sustained drop,27.699135598606386,21.781183198208353,27.17,24.80021269151918,19.612600262268128,26.45,24.37708394400903,18.83230011054103,29.44,2.2699999999999996
184,tsh,learning_disability,No record of a learning disability,20.11453987444204,3.5400173774982875,19.99540288685887,sustained drop,21.659037417408655,21.781469210519308,-0.56,19.493684737333343,19.612684712775714,-0.61,18.676026350666827,18.83246389526367,-0.83,-0.2699999999999999
185,tsh,learning_disability,Record of a learning disability,34.08004754981888,5.206097456271123,34.557413400455474,sustained drop,45.0284407545689,21.781469210519308,106.73,41.85541264383817,19.612684712775714,113.41,47.31404152576838,18.83246389526367,151.24,44.510000000000005
186,tsh,ethnicity,Mixed,13.250613187130284,2.290803122435668,13.219024942652226,sustained drop,14.020623280141693,21.615938841312367,-35.14,12.647103065923504,19.55986947375417,-35.34,12.502379978298555,18.892698255855027,-33.82,1.3200000000000003
187,tsh,ethnicity,White,21.5522970767849,3.886863045515142,21.738256791921632,sustained drop,23.409697339743374,21.615938841312367,8.3,21.217058814378856,19.55986947375417,8.47,20.561626589836184,18.892698255855027,8.83,0.5299999999999994
188,tsh,ethnicity,Asian,25.689900780446884,3.340293544631975,24.033972024317034,sustained drop,25.586933663727667,21.615938841312367,18.37,22.663427313906766,19.55986947375417,15.87,21.855427320598693,18.892698255855027,15.68,-2.6900000000000013
189,tsh,ethnicity,Black,18.954667884763808,3.0714227675306733,18.41710370879467,sustained drop,19.956644162873612,21.615938841312367,-7.68,18.099170443249076,19.55986947375417,-7.47,16.620366164466734,18.892698255855027,-12.03,-4.35
190,tsh,ethnicity,Other,16.02845873590766,2.289299156180437,15.364399953171167,sustained drop,17.102686018102577,21.615938841312367,-20.88,14.920425046204608,19.55986947375417,-23.72,13.81950431813456,18.892698255855027,-26.85,-5.970000000000002
191,tsh,ethnicity,Missing,8.599714097082547,1.1054598600295023,9.307739000172633,sustained drop,9.30450993070121,21.615938841312367,-56.96,8.644568110913776,19.55986947375417,-55.8,8.272400646912253,18.892698255855027,-56.21,0.75
192,alt,region,West Midlands,28.584166290928064,4.734245181196697,26.53273048550178,sustained drop,30.578187024863634,32.80609235920312,-6.79,27.392047731439465,30.236536062252842,-9.41,24.439571606279774,28.7407723880695,-14.97,-8.18
193,alt,region,South West,30.462560726542122,9.565985452551105,30.267867431007662,sustained drop,33.65677508872803,32.80609235920312,2.59,30.594970473016797,30.236536062252842,1.19,30.320118645393233,28.7407723880695,5.5,2.91
194,alt,region,London,25.407421419377417,3.930839431469275,25.062187794107,sustained drop,26.010965769593085,32.80609235920312,-20.71,23.390968587398635,30.236536062252842,-22.64,21.24759606648753,28.7407723880695,-26.07,-5.359999999999999
195,alt,region,South East,29.547284078148422,7.704295583958,28.772602955724206,sustained drop,31.628120835917496,32.80609235920312,-3.59,29.22628239400146,30.236536062252842,-3.34,28.287112199193928,28.7407723880695,-1.58,2.01
196,alt,region,North East,29.707768003578348,7.471481842393547,28.57127390149871,sustained drop,32.55197811580765,32.80609235920312,-0.77,29.872553995679862,30.236536062252842,-1.2,30.137708118758493,28.7407723880695,4.86,5.630000000000001
197,alt,region,North West,35.79379096051805,7.8119010673677,35.20142735772187,sustained drop,39.29807219191748,32.80609235920312,19.79,36.25574479612524,30.236536062252842,19.91,34.08610672052106,28.7407723880695,18.6,-1.1899999999999977
198,alt,region,East Midlands,31.150909610536058,7.809698722973489,30.009301205014317,sustained drop,33.91639793594425,32.80609235920312,3.38,31.300022569161893,30.236536062252842,3.52,29.423025512501894,28.7407723880695,2.37,-1.0099999999999998
199,alt,region,Yorkshire and The Humber,30.001250772212703,7.193005977352196,28.83278157935096,sustained drop,32.40428045362899,32.80609235920312,-1.22,30.26081422097059,30.236536062252842,0.08,29.034970610299272,28.7407723880695,1.02,2.24
200,alt,region,East,29.201619943353883,7.124998980293598,29.772048477113856,sustained drop,32.08813266802349,32.80609235920312,-2.19,29.92755909774499,30.236536062252842,-1.02,28.05171046116985,28.7407723880695,-2.4,-0.20999999999999996
201,alt,age_band,50-59,39.717692387215315,9.445105753961961,37.968088746908606,sustained drop,43.6778551294685,32.80331591191517,33.15,40.04502658121722,30.232593438359725,32.46,37.22761130859504,28.735988047433363,29.55,-3.599999999999998
202,alt,age_band,0-19,4.295131913697061,0.7915157892333265,4.278730666327159,sustained drop,4.756287967239899,32.80331591191517,-85.5,4.407520589183019,30.232593438359725,-85.42,3.904265096343457,28.735988047433363,-86.41,-0.9099999999999966
203,alt,age_band,80+,78.94004711910306,22.307513528571125,80.2406203263921,sustained drop,84.78865125530847,32.80331591191517,158.48,78.42599320689806,30.232593438359725,159.41,77.00397856240947,28.735988047433363,167.97,9.490000000000009
204,alt,age_band,60-69,56.094396001984386,13.270308232784105,52.27654242686421,sustained drop,60.9261050943309,32.80331591191517,85.73,56.10440918475737,30.232593438359725,85.58,50.556485959521474,28.735988047433363,75.93,-9.799999999999997
205,alt,age_band,20-29,13.11314891954576,3.305643359774989,13.82478246532122,sustained drop,14.090810012387436,32.80331591191517,-57.04,13.061542446566705,30.232593438359725,-56.8,14.140464992565924,28.735988047433363,-50.79,6.25
206,alt,age_band,40-49,27.8822523202531,6.3773878234905705,27.263514973769695,sustained drop,31.013939842741703,32.80331591191517,-5.45,27.918596508826507,30.232593438359725,-7.65,26.329634159044456,28.735988047433363,-8.37,-2.919999999999999
207,alt,age_band,70-79,72.06899150934402,17.511857340866857,68.89334438058381,sustained drop,77.14742770304412,32.80331591191517,135.18,71.23894762414604,30.232593438359725,135.64,65.78848153850983,28.735988047433363,128.94,-6.240000000000009
208,alt,age_band,30-39,17.452348861611664,4.40878434597338,18.034892510542182,sustained drop,19.234305498266504,32.80331591191517,-41.36,17.544075586510374,30.232593438359725,-41.97,18.038474919773932,28.735988047433363,-37.23,4.130000000000003
209,alt,imd,2,29.68968965534986,6.974568645686793,29.01955082244484,sustained drop,32.13758068145177,32.77824210934304,-1.95,29.665010022093412,30.220544808447457,-1.84,28.05049965500046,28.734899552423567,-2.38,-0.42999999999999994
210,alt,imd,3,30.924683621856033,7.7410426439133095,30.33451676923668,sustained drop,33.535166943437936,32.77824210934304,2.31,30.78723619236492,30.220544808447457,1.88,29.362464187317546,28.734899552423567,2.18,-0.1299999999999999
211,alt,imd,Most deprived,28.18197840143611,6.404875975508573,27.132103116593573,sustained drop,30.718831428641952,32.77824210934304,-6.28,28.283176580299628,30.220544808447457,-6.41,26.862113503320582,28.734899552423567,-6.52,-0.23999999999999932
212,alt,imd,4,30.86157274738275,7.925976071981531,30.761231623198846,sustained drop,33.756356124672045,32.77824210934304,2.98,31.225762619972496,30.220544808447457,3.33,29.607886696016987,28.734899552423567,3.04,0.06000000000000005
213,alt,imd,Least deprived,30.986536632347942,7.856806621959414,30.823999710133073,sustained drop,33.76114778035389,32.77824210934304,3.0,31.15741318198558,30.220544808447457,3.1,29.807763463701722,28.734899552423567,3.73,0.73
214,alt,sex,M,26.66687615254187,6.611969952209722,25.475428633434632,sustained drop,29.39870762313801,32.802910609232725,-10.38,27.356942782986906,30.23224624490356,-9.51,25.251098470720972,28.735717457704272,-12.13,-1.75
215,alt,sex,F,33.645727324432386,8.143862297690104,33.76948166834008,sustained drop,36.202728618558545,32.802910609232725,10.36,33.105940231688066,30.23224624490356,9.51,32.223749241579654,28.735717457704272,12.14,1.7800000000000011
216,alt,learning_disability,No record of a learning disability,30.09964738224581,7.372478800528082,29.54537897113312,sustained drop,32.69442990094527,32.80331591191517,-0.33,30.123269233432918,30.232593438359725,-0.36,28.578762070184553,28.735988047433363,-0.55,-0.22000000000000003
217,alt,learning_disability,Record of a learning disability,41.260712765359315,8.437468291198027,42.88775020975668,sustained drop,53.47851641907257,32.80331591191517,63.03,50.66687617432243,30.232593438359725,67.59,57.36131098301063,28.735988047433363,99.61,36.58
218,alt,ethnicity,Other,20.402592238331167,3.6045916361970023,19.416491786607303,sustained drop,22.105232086192842,32.29047718940377,-31.54,19.659713468534893,29.980242560215306,-34.42,17.879856308385737,28.769906026929124,-37.85,-6.310000000000002
219,alt,ethnicity,Missing,11.757333232052481,1.8813029966746804,12.695813912045931,sustained drop,13.016918425398607,32.29047718940377,-59.69,12.232360580104595,29.980242560215306,-59.2,11.538086286591318,28.769906026929124,-59.9,-0.21000000000000085
220,alt,ethnicity,Mixed,17.218294618381186,3.6111052664801058,16.744582208155485,sustained drop,18.28371345289387,32.29047718940377,-43.38,16.779080522528822,29.980242560215306,-44.03,16.325224878266855,28.769906026929124,-43.26,0.12000000000000455
221,alt,ethnicity,Asian,31.761642740247357,5.112260001884424,29.423588392281726,sustained drop,31.783028751933944,32.29047718940377,-1.57,28.91460106590087,29.980242560215306,-3.55,27.53151211381351,28.769906026929124,-4.3,-2.7299999999999995
222,alt,ethnicity,Black,26.026981901806668,5.021532461200942,24.61439189109711,sustained drop,27.35373325858484,32.29047718940377,-15.29,25.278925194404376,29.980242560215306,-15.68,23.084736482442356,28.769906026929124,-19.76,-4.470000000000002
223,alt,ethnicity,White,32.8322264691001,8.300423615212189,33.03801389024574,sustained drop,35.910398433337676,32.29047718940377,11.21,33.4490678251636,29.980242560215306,11.57,32.25758902342682,28.769906026929124,12.12,0.9099999999999984
224,rbc,region,South East,31.803928448602914,8.84174573816939,31.260421965639818,sustained drop,33.69614823324146,34.33969762325386,-1.87,31.372539700090215,31.924805967555585,-1.73,30.384257397879253,30.321029883294596,0.21,2.08
225,rbc,region,West Midlands,31.17904239851258,5.788318964342219,29.66882186454151,sustained drop,33.19444188530738,34.33969762325386,-3.34,30.081169526464222,31.924805967555585,-5.77,26.88547944846837,30.321029883294596,-11.33,-7.99
226,rbc,region,Yorkshire and The Humber,30.698988339112173,7.95264417784724,30.311631074451853,sustained drop,32.797111823427876,34.33969762325386,-4.49,30.301129678840113,31.924805967555585,-5.09,29.921929527930008,30.321029883294596,-1.32,3.17
227,rbc,region,East Midlands,32.30960282759929,9.470237438857037,31.66647264357768,sustained drop,34.95593852114908,34.33969762325386,1.79,32.40666910417958,31.924805967555585,1.51,30.856314273785955,30.321029883294596,1.77,-0.020000000000000018
228,rbc,region,North West,37.217296888462634,9.816793937576602,37.98543179358182,sustained drop,40.63805060444002,34.33969762325386,18.34,38.09608781787817,31.924805967555585,19.33,36.40664180043732,30.321029883294596,20.07,1.7300000000000004
229,rbc,region,North East,33.37066843159858,8.883955866508561,31.958287582182898,sustained drop,36.55676498242379,34.33969762325386,6.46,33.34812223964289,31.924805967555585,4.46,33.1004475430035,30.321029883294596,9.17,2.71
230,rbc,region,South West,33.10311246967515,10.995883626469023,32.197924468514145,sustained drop,35.86715102990472,34.33969762325386,4.45,32.916709074632806,31.924805967555585,3.11,31.891736559419144,30.321029883294596,5.18,0.7299999999999995
231,rbc,region,East,31.411092344412413,8.277001204849618,31.535563725002262,sustained drop,33.78132694277537,34.33969762325386,-1.63,31.85524071710769,31.924805967555585,-0.22,29.39219083925255,30.321029883294596,-3.06,-1.4300000000000002
232,rbc,region,London,27.445683819166444,4.325340744603511,26.68674437124448,sustained drop,26.68967336763149,34.33969762325386,-22.28,25.463496930559966,31.924805967555585,-20.24,22.623545097295324,30.321029883294596,-25.39,-3.1099999999999994
233,rbc,age_band,0-19,6.5150686759365355,1.1162450146577343,6.001231962883844,sustained drop,7.103816291574432,34.33805347364419,-79.31,6.617415182813917,31.921727406054703,-79.27,5.391011301816515,30.315535098123082,-82.22,-2.9099999999999966
234,rbc,age_band,30-39,23.35094607155893,7.092225736591556,23.31549416923887,sustained drop,25.40104756192701,34.33805347364419,-26.03,23.22215412402279,31.921727406054703,-27.25,23.071659873629205,30.315535098123082,-23.89,2.1400000000000006
235,rbc,age_band,70-79,70.01533998814932,18.849845220785,67.32191900449108,sustained drop,73.61257535639622,34.33805347364419,114.38,68.9354305281738,31.921727406054703,115.95,63.85550897863149,30.315535098123082,110.64,-3.739999999999995
236,rbc,age_band,50-59,38.251183452282135,9.647564036579091,37.59758761930302,sustained drop,41.50451284615153,34.33805347364419,20.87,38.3467258284345,31.921727406054703,20.13,36.12700893878875,30.315535098123082,19.17,-1.6999999999999993
237,rbc,age_band,20-29,18.94755234956968,5.8393806943618785,18.911721767718863,sustained drop,20.212487742932087,34.33805347364419,-41.14,18.55759976182245,31.921727406054703,-41.87,19.181182892455677,30.315535098123082,-36.73,4.410000000000004
238,rbc,age_band,60-69,51.744703094037334,13.303937608904436,49.52931808859368,sustained drop,55.31072082973586,34.33805347364419,61.08,51.55814132617305,31.921727406054703,61.51,47.08678598217039,30.315535098123082,55.32,-5.759999999999998
239,rbc,age_band,80+,86.61980532060909,26.91209024871473,87.67095469976141,sustained drop,91.69241570625638,34.33805347364419,167.03,85.85645696794772,31.921727406054703,168.96,83.76704322383891,30.315535098123082,176.32,9.289999999999992
240,rbc,age_band,40-49,29.82582990957519,7.121920044440472,29.817548454436736,sustained drop,32.57508213152613,34.33805347364419,-5.13,29.701340476327278,31.921727406054703,-6.96,28.337951675036965,30.315535098123082,-6.52,-1.3899999999999997
241,rbc,imd,Least deprived,32.37659006572869,9.122766954211924,32.592654119468826,sustained drop,34.758938071542886,34.33130680109401,1.25,32.50837147086803,31.939040433410224,1.78,31.131830222499776,30.33926167310649,2.61,1.3599999999999999
242,rbc,imd,4,32.45500522049224,9.105823230422354,32.35540891094941,sustained drop,34.83512820035299,34.33130680109401,1.47,32.487836628572566,31.939040433410224,1.72,30.873960956218593,30.33926167310649,1.76,0.29000000000000004
243,rbc,imd,3,32.410283478587225,8.896270452042167,31.97133881819988,sustained drop,34.548089139009114,34.33130680109401,0.63,32.11414789220337,31.939040433410224,0.55,30.629666265910686,30.33926167310649,0.96,0.32999999999999996
244,rbc,imd,2,31.94956406293686,8.266155431925087,31.22983999010593,sustained drop,34.089034123791215,34.33130680109401,-0.71,31.794530055254892,31.939040433410224,-0.45,29.844794314363895,30.33926167310649,-1.63,-0.9199999999999999
245,rbc,imd,Most deprived,30.935357332441225,7.792116840236024,29.957746760918756,sustained drop,33.43252878944319,34.33130680109401,-2.62,30.800684681809262,31.939040433410224,-3.56,29.226108962605693,30.33926167310649,-3.67,-1.0499999999999998
246,rbc,sex,F,38.45256117504696,10.356920858880581,38.29727089080821,sustained drop,40.85244361280822,34.33760821001942,18.97,37.57374873479464,31.921524971565276,17.71,36.16569366843695,30.315185435235207,19.3,0.33000000000000185
247,rbc,sex,M,25.606776259878043,6.8966074492390215,24.919642603116504,sustained drop,27.814275599788143,34.33760821001942,-19.0,26.26612734846326,31.921524971565276,-17.72,24.4702766762538,30.315185435235207,-19.28,-0.28000000000000114
248,rbc,learning_disability,Record of a learning disability,44.264704701167055,9.4755656850272,45.70448279995205,sustained drop,55.61944860305931,34.33805347364419,61.98,52.735993995644556,31.921727406054703,65.2,59.177889073583174,30.315535098123082,95.21,33.23
249,rbc,learning_disability,No record of a learning disability,31.968316937899232,8.622682328604867,31.524559783550302,sustained drop,34.225973435327916,34.33805347364419,-0.33,31.810369913716144,31.921727406054703,-0.35,30.157002313369276,30.315535098123082,-0.52,-0.19
250,rbc,ethnicity,Other,23.308650466968306,4.649539743498793,21.831321848620558,sustained drop,24.540567051516508,33.54929086922509,-26.85,22.264844997235333,31.48391487399563,-29.28,19.96240256431433,30.3133721606433,-34.15,-7.299999999999997
251,rbc,ethnicity,Black,29.698993494731205,6.453418560349575,28.112969438698432,sustained drop,30.845929564802617,33.54929086922509,-8.06,28.834135670948765,31.48391487399563,-8.42,25.87541617596686,30.3133721606433,-14.64,-6.58
252,rbc,ethnicity,Asian,36.59076825628653,6.582718615981739,33.44364176806865,sustained drop,36.38253831367237,33.54929086922509,8.45,33.35344078278794,31.48391487399563,5.94,31.043652081078676,30.3133721606433,2.41,-6.039999999999999
253,rbc,ethnicity,Mixed,20.542490261145577,4.991899341426978,19.64100777219625,sustained drop,21.320396490272476,33.54929086922509,-36.45,19.822740539142988,31.48391487399563,-37.04,18.807152107874106,30.3133721606433,-37.96,-1.509999999999998
254,rbc,ethnicity,Missing,11.665210754410364,1.9260033777940169,12.977225350047242,sustained drop,12.646051746701923,33.54929086922509,-62.31,12.057069876617014,31.48391487399563,-61.7,11.453263023004771,30.3133721606433,-62.22,0.09000000000000341
255,rbc,ethnicity,White,34.26894258483516,9.58915405018707,34.98905388243026,sustained drop,36.970448184566095,33.54929086922509,10.2,34.79381161935729,31.48391487399563,10.51,33.773470063053274,30.3133721606433,11.41,1.2100000000000009
256,hba1c,region,North West,27.65237020316027,3.4721716793840534,28.136122554155023,sustained drop,30.642675622171623,25.282721266119978,21.2,29.149002061986906,24.279372452036466,20.06,26.638097619345462,22.46149859926543,18.59,-2.6099999999999994
257,hba1c,region,South East,20.159060810327237,3.163905751620537,21.47057884965902,sustained drop,21.547486967837756,25.282721266119978,-14.77,21.10146635473293,24.279372452036466,-13.09,20.091703755779438,22.46149859926543,-10.55,4.219999999999999
258,hba1c,region,East,19.020745972668863,3.0046757528714045,22.16761569391154,sustained drop,20.881740254653977,25.282721266119978,-17.41,20.777446398456046,24.279372452036466,-14.42,20.247049378675474,22.46149859926543,-9.86,7.550000000000001
259,hba1c,region,London,23.59220949985551,2.51996572326914,22.971403750090495,sustained drop,24.63882454078008,25.282721266119978,-2.55,22.015885555978144,24.279372452036466,-9.32,18.403110599233667,22.46149859926543,-18.07,-15.52
260,hba1c,region,South West,21.89290979580143,3.8709364636154695,23.76082656373029,sustained drop,24.337790836128587,25.282721266119978,-3.74,23.855797978042947,24.279372452036466,-1.74,23.15892963321605,22.46149859926543,3.11,6.85
261,hba1c,region,East Midlands,25.270420331720775,4.1826822221175055,25.522725579218438,sustained drop,27.15648561024497,25.282721266119978,7.41,26.352678603939342,24.279372452036466,8.54,24.54589038518974,22.46149859926543,9.28,1.8699999999999992
262,hba1c,region,West Midlands,25.990303411031007,3.0127932652358593,23.909026009204737,sustained drop,27.90477459765117,25.282721266119978,10.37,26.0284751247417,24.279372452036466,7.2,21.157806518727767,22.46149859926543,-5.8,-16.169999999999998
263,hba1c,region,Yorkshire and The Humber,25.65752685132595,3.453852706385585,23.286443667024905,sustained drop,28.426489337130032,25.282721266119978,12.43,26.65624613380051,24.279372452036466,9.79,22.88440805377404,22.46149859926543,1.88,-10.55
264,hba1c,region,North East,24.62389131122562,4.413529767167565,24.13946484462052,sustained drop,27.421358107621412,25.282721266119978,8.46,25.509552133736676,24.279372452036466,5.07,25.552781646123805,22.46149859926543,13.76,5.299999999999999
265,hba1c,age_band,0-19,1.7246490628451867,0.2421899813828149,1.865356567129808,sustained drop,1.8918310014903692,25.28034185412373,-92.52,1.8442982178339122,24.276553060632157,-92.4,1.687233262697645,22.459849150194287,-92.49,0.030000000000001137
266,hba1c,age_band,40-49,22.378203929481543,3.2137688311037014,22.32738181952073,sustained drop,24.658427882860366,25.28034185412373,-2.46,23.18889741042486,24.276553060632157,-4.48,21.02050547261432,22.459849150194287,-6.41,-3.95
267,hba1c,age_band,30-39,11.792981566056195,2.219265819153545,13.394038182141845,sustained drop,12.85357989317562,25.28034185412373,-49.16,12.254834849123924,24.276553060632157,-49.52,13.16577368052925,22.459849150194287,-41.38,7.779999999999994
268,hba1c,age_band,70-79,57.55266038723861,7.827836170061902,57.98949876670235,sustained drop,62.24500709798528,25.28034185412373,146.22,59.88577457809139,24.276553060632157,146.68,53.61099240772149,22.459849150194287,138.7,-7.52000000000001
269,hba1c,age_band,20-29,7.636451751689212,1.5775297435884006,9.198846001521213,sustained drop,8.238291841277713,25.28034185412373,-67.41,8.011358705110014,24.276553060632157,-67.0,9.165105225470903,22.459849150194287,-59.19,8.219999999999999
270,hba1c,age_band,60-69,46.36825864129591,6.47639217796353,44.867500906741064,sustained drop,50.66452775396172,25.28034185412373,100.41,48.63835043826265,24.276553060632157,100.35,42.33681200321719,22.459849150194287,88.5,-11.909999999999997
271,hba1c,age_band,80+,59.26702309979147,9.342667209512774,63.57230302914293,sustained drop,64.49433892400528,25.28034185412373,155.12,61.93644474408333,24.276553060632157,155.13,58.25824362819952,22.459849150194287,159.39,4.269999999999982
272,hba1c,age_band,50-59,32.564050659867114,4.809603840365303,32.039167778019554,sustained drop,36.037591061505445,25.28034185412373,42.55,34.31077166169522,24.276553060632157,41.33,30.662185660154062,22.459849150194287,36.52,-6.029999999999994
273,hba1c,imd,4,22.86316660785276,3.459173259469724,24.147029811885414,sustained drop,25.276985694735515,25.24401491013343,0.13,24.344736270268296,24.255059049543913,0.37,22.454814596479608,22.453211033920187,0.01,-0.12000000000000001
274,hba1c,imd,Least deprived,22.85327251707255,3.332669756472952,23.88372098443724,sustained drop,24.94785630214781,25.24401491013343,-1.17,23.9801956084423,24.255059049543913,-1.13,22.353799863902264,22.453211033920187,-0.44,0.73
275,hba1c,imd,3,23.43349011213869,3.5361912799780137,24.193043600182275,sustained drop,25.567959176763726,25.24401491013343,1.28,24.524236721473418,24.255059049543913,1.11,22.73778483393586,22.453211033920187,1.27,-0.010000000000000009
276,hba1c,imd,2,23.384339885110904,3.5180263966344456,23.904340021860556,sustained drop,25.234374291894536,25.24401491013343,-0.04,24.401595576858494,24.255059049543913,0.6,22.480400019020493,22.453211033920187,0.12,0.16
277,hba1c,imd,Most deprived,23.015883904289215,3.5307963907414672,22.88654538051278,sustained drop,25.188539755780297,25.24401491013343,-0.22,24.021363651969384,24.255059049543913,-0.96,22.237925834259276,22.453211033920187,-0.96,-0.74
278,hba1c,sex,F,24.554150823346344,3.5431922008132033,26.22739160451392,sustained drop,26.426497122501342,25.280224096806393,4.53,25.23516473672359,24.276588818291277,3.95,24.16192884103984,22.45988212632244,7.58,3.05
279,hba1c,sex,M,21.73610236493504,3.405820516107675,21.407852330298343,sustained drop,24.13254598755729,25.280224096806393,-4.54,23.31747621500992,24.276588818291277,-3.95,20.759617426976384,22.45988212632244,-7.57,-3.0300000000000002
280,hba1c,learning_disability,Record of a learning disability,34.03185516582196,5.034382097893364,35.995744935874384,sustained drop,44.076315893572314,25.28034185412373,74.35,43.669297659885785,24.276553060632157,79.88,50.31561582756643,22.459849150194287,124.02,49.67
281,hba1c,learning_disability,No record of a learning disability,23.08811573690932,3.466205086550249,23.747589439258324,sustained drop,25.181352230053218,25.28034185412373,-0.39,24.172801187434064,24.276553060632157,-0.43,22.30684401855729,22.459849150194287,-0.68,-0.29000000000000004
282,hba1c,ethnicity,Other,17.46214278805335,2.2030190372289127,16.90206308961955,sustained drop,18.799373613336407,25.127148119893594,-25.18,17.296361890720586,24.27177057047123,-28.74,15.269551692814014,22.5596614252144,-32.31,-7.130000000000003
283,hba1c,ethnicity,Asian,30.292620140856037,3.6594298705522275,28.151810482217698,sustained drop,30.910605557783246,25.127148119893594,23.02,28.43348505012142,24.27177057047123,17.15,26.424647420935447,22.5596614252144,17.13,-5.890000000000001
284,hba1c,ethnicity,Mixed,13.677679988457653,2.175079428535359,14.070772476939904,sustained drop,14.580647992620342,25.127148119893594,-41.97,13.844243094507448,24.27177057047123,-42.96,13.225528617379952,22.5596614252144,-41.38,0.5899999999999963
285,hba1c,ethnicity,Missing,9.749224837836156,1.159100317372706,10.812065051335312,sustained drop,10.771288706252717,25.127148119893594,-57.13,10.696838177649305,24.27177057047123,-55.93,9.806539635854834,22.5596614252144,-56.53,0.6000000000000014
286,hba1c,ethnicity,White,24.735122477700898,3.7597232036660495,25.9019445455918,sustained drop,27.125045287572956,25.127148119893594,7.95,26.34357508334486,24.27177057047123,8.54,24.561903882933745,22.5596614252144,8.88,0.9300000000000006
287,hba1c,ethnicity,Black,23.492998566635688,3.4813069346261836,23.164213013296944,sustained drop,24.944469125569942,25.127148119893594,-0.73,23.601165008099503,24.27177057047123,-2.76,21.2804522443871,22.5596614252144,-5.67,-4.9399999999999995
288,systolic_bp,region,South West,54.01818814499857,10.359868312408056,36.717294655374396,none,60.802627635739725,59.20940903477324,2.69,53.694400646573285,52.475675738655525,2.32,35.72506319782561,31.62919051687742,12.95,10.26
289,systolic_bp,region,South East,51.92752137098587,8.705603055618992,30.321232746856282,none,56.88968033335927,59.20940903477324,-3.92,50.29713213464217,52.475675738655525,-4.15,28.799454473138436,31.62919051687742,-8.95,-5.029999999999999
290,systolic_bp,region,North East,54.90441366319135,9.787975366597518,34.16426745678941,none,61.815608898439415,59.20940903477324,4.4,54.69098000093951,52.475675738655525,4.22,35.000087906913414,31.62919051687742,10.66,6.26
291,systolic_bp,region,North West,58.48070347801338,10.067648151975925,39.482727725428774,none,65.2385936151945,59.20940903477324,10.18,58.68718513664578,52.475675738655525,11.84,37.92229060423211,31.62919051687742,19.9,9.719999999999999
292,systolic_bp,region,East Midlands,54.56572396388464,9.833345731958625,33.61194096651114,none,61.10564731192678,59.20940903477324,3.2,54.450798242617225,52.475675738655525,3.76,32.779194469562505,31.62919051687742,3.64,0.43999999999999995
293,systolic_bp,region,Yorkshire and The Humber,54.12006417310921,8.239108047482622,33.24758654139691,none,60.60625863800539,59.20940903477324,2.36,53.19270010102023,52.475675738655525,1.37,32.54015766417712,31.62919051687742,2.88,0.52
294,systolic_bp,region,East,52.88172149978842,8.410361068283443,31.526050256132535,none,58.82414767375317,59.20940903477324,-0.65,52.561625987954194,52.475675738655525,0.16,30.127770755006825,31.62919051687742,-4.75,-4.1
295,systolic_bp,region,London,42.05610643821039,5.7586561442693665,24.788242959530876,none,43.952632025433445,59.20940903477324,-25.77,37.68175833295523,52.475675738655525,-28.19,20.01474141247612,31.62919051687742,-36.72,-10.95
296,systolic_bp,region,West Midlands,51.77289514613276,8.380088505850413,27.39143422764763,none,56.608297619014614,59.20940903477324,-4.39,50.40755838198749,52.475675738655525,-3.94,26.191966048127867,31.62919051687742,-17.19,-12.8
297,systolic_bp,age_band,0-19,8.875789270538089,1.0675824217987455,5.073328003564829,none,10.106769598719596,59.20517852405402,-82.93,8.93191988510713,52.47209151118838,-82.98,4.933338654655589,31.62564787604921,-84.4,-1.4699999999999989
298,systolic_bp,age_band,80+,143.31486168114168,30.817780078097314,99.64787472296456,none,156.08718281321669,59.20517852405402,163.64,136.96827502062646,52.47209151118838,161.03,90.37224267020231,31.62564787604921,185.76,22.120000000000005
299,systolic_bp,age_band,60-69,86.61969956892322,14.139197462311635,54.746095268515994,none,97.1016302036317,59.20517852405402,64.01,87.69255646379055,52.47209151118838,67.12,52.44259365206856,31.62564787604921,65.82,1.809999999999988
300,systolic_bp,age_band,40-49,47.477157210698785,6.356492057358558,26.75923984125739,none,53.8959193755212,59.20517852405402,-8.97,46.614394304684,52.47209151118838,-11.16,25.697839981219165,31.62564787604921,-18.74,-9.769999999999998
301,systolic_bp,age_band,50-59,63.67521129428544,9.385953785847924,38.01744876715825,none,72.10878655688369,59.20517852405402,21.79,63.92255748398967,52.47209151118838,21.82,37.52438694926186,31.62564787604921,18.65,-3.1400000000000006
302,systolic_bp,age_band,70-79,115.57106138441273,20.444260541936085,78.80636393964241,none,126.87870562339877,59.20517852405402,114.3,116.2571773636159,52.47209151118838,121.56,73.468270795031,31.62564787604921,132.31,18.010000000000005
303,systolic_bp,age_band,30-39,37.95450298405465,6.78915678796395,20.464364215153736,none,42.26689444425014,59.20517852405402,-28.61,35.898979774273606,52.47209151118838,-31.58,20.66977370427797,31.62564787604921,-34.64,-6.030000000000001
304,systolic_bp,age_band,20-29,38.0879693658379,6.432550209900825,19.76711236902764,none,41.37106495766306,59.20517852405402,-30.12,34.9395241874708,52.47209151118838,-33.41,20.455165735547542,31.62564787604921,-35.32,-5.199999999999999
305,systolic_bp,imd,Most deprived,51.68057427316179,8.3521713066337,31.094178665118047,none,57.13687052664134,59.19916208463201,-3.48,50.88462968895529,52.485558745140274,-3.05,29.90095995652884,31.62468858497357,-5.45,-1.9700000000000002
306,systolic_bp,imd,4,54.06906286439924,9.30538690407229,34.025558872682076,none,60.43418087038291,59.19916208463201,2.09,53.5906317610642,52.485558745140274,2.11,32.683817153742744,31.62468858497357,3.35,1.2600000000000002
307,systolic_bp,imd,2,52.988694624500646,8.45963114547695,31.92259224719139,none,58.560285499997406,59.19916208463201,-1.08,51.93234704551713,52.485558745140274,-1.05,30.618346566375262,31.62468858497357,-3.18,-2.1
308,systolic_bp,imd,3,54.18080146559192,8.999385544153375,33.527623797577384,none,60.35378008432314,59.19916208463201,1.95,53.306937012651815,52.485558745140274,1.56,32.12130377920607,31.62468858497357,1.57,-0.3799999999999999
309,systolic_bp,imd,Least deprived,53.1159652930639,9.610899186262346,33.97651442225686,none,59.51793865921169,59.19916208463201,0.54,52.72066183370674,52.485558745140274,0.45,32.811831364909345,31.62468858497357,3.75,3.21
310,systolic_bp,sex,F,64.17046821969178,10.612421109717204,39.21159417600259,none,70.29904732835654,59.2049734908426,18.74,61.503066595917886,52.47217095722405,17.21,37.37644829640973,31.62558689561966,18.18,-0.5599999999999987
311,systolic_bp,sex,M,42.28573755119628,7.261213338761188,26.636541740523352,none,48.09622411239723,59.2049734908426,-18.76,43.43611014700565,52.47217095722405,-17.22,25.880062253044297,31.62558689561966,-18.17,0.5899999999999999
312,systolic_bp,learning_disability,Record of a learning disability,73.93514911526815,11.33321365293204,50.304147189260455,none,112.51518063864228,59.20517852405402,90.04,101.76571575416244,52.47209151118838,93.94,82.66008647247905,31.62564787604921,161.37,71.33
313,systolic_bp,learning_disability,No record of a learning disability,53.12432128911762,8.92429534277938,32.82220587933564,none,58.92440530606018,59.20517852405402,-0.47,52.208359400794556,52.47209151118838,-0.5,31.345296491882095,31.62564787604921,-0.89,-0.42000000000000004
314,systolic_bp,ethnicity,Missing,23.69567905175263,3.1422424432062224,15.50101816737298,none,27.07766501531039,58.14175498008637,-53.43,24.409006276191406,51.89480151886763,-52.96,14.793432855212146,31.566007539036686,-53.13,0.29999999999999716
315,systolic_bp,ethnicity,Mixed,31.874188428798153,4.952448082142782,18.44565753941752,none,35.145596121878505,58.14175498008637,-39.55,30.970562100702892,51.89480151886763,-40.32,17.47148321546386,31.566007539036686,-44.65,-5.100000000000001
316,systolic_bp,ethnicity,Asian,49.63398762094898,6.293368347147377,26.909768386597612,none,53.059463174672295,58.14175498008637,-8.74,46.1585424366064,51.89480151886763,-11.05,25.0562372348662,31.566007539036686,-20.62,-11.88
317,systolic_bp,ethnicity,Black,49.7936585442689,7.8437745456515255,28.319657737620126,none,53.31607123704048,58.14175498008637,-8.3,47.524322334703754,51.89480151886763,-8.42,25.972398766761916,31.566007539036686,-17.72,-9.419999999999998
318,systolic_bp,ethnicity,White,57.755006791455244,9.645468708397402,37.027907049033274,none,64.37952073889029,58.14175498008637,10.73,57.673871474588886,51.89480151886763,11.14,35.61563457195638,31.566007539036686,12.83,2.0999999999999996
319,systolic_bp,ethnicity,Other,35.463797865594806,4.992742883328188,19.514343077108563,none,38.05305607428761,58.14175498008637,-34.55,32.40626268777488,51.89480151886763,-37.55,17.918679211211185,31.566007539036686,-43.23,-8.68
320,medication_review,region,Yorkshire and The Humber,32.28603373687092,24.813005983168722,28.81654641531927,sustained drop,35.44087381296192,34.43234743397799,2.93,34.770295116735596,33.806554594650464,2.85,31.458281852560873,30.629290339828433,2.71,-0.2200000000000002
321,medication_review,region,North West,36.298182824750384,32.64792392663994,34.8874782107217,no change,41.9264187118292,34.43234743397799,21.76,39.9602273987004,33.806554594650464,18.2,36.06885416201394,30.629290339828433,17.76,-4.0
322,medication_review,region,North East,28.050416928800267,22.62035606266544,26.15777853766541,sustained drop,31.30535288125954,34.43234743397799,-9.08,30.888616619482054,33.806554594650464,-8.63,30.18604401051213,30.629290339828433,-1.45,7.63
323,medication_review,region,South East,30.13503764979641,25.514518958339085,24.448953720684752,none,33.60020190934781,34.43234743397799,-2.42,30.819938894746073,33.806554594650464,-8.83,27.76663912281801,30.629290339828433,-9.35,-6.93
324,medication_review,region,East,29.521506852968802,25.45701467561455,27.874463788302066,no change,33.6246756202268,34.43234743397799,-2.35,34.06009488272459,33.806554594650464,0.75,30.831905587592928,30.629290339828433,0.66,3.0100000000000002
325,medication_review,region,London,17.490361692990113,13.440210904654112,15.698255266777673,sustained drop,20.811183650213398,34.43234743397799,-39.56,18.253764415762202,33.806554594650464,-46.01,16.314032689674224,30.629290339828433,-46.74,-7.18
326,medication_review,region,South West,33.34933854025135,26.799303685949635,29.960594668817578,sustained drop,37.89112486195418,34.43234743397799,10.05,36.6221174205056,33.806554594650464,8.33,34.258807102196386,30.629290339828433,11.85,1.799999999999999
327,medication_review,region,West Midlands,22.904011875028495,18.78351404371579,20.262572972097193,sustained drop,26.726578650287916,34.43234743397799,-22.38,28.76793786676589,33.806554594650464,-14.9,22.808091208125393,30.629290339828433,-25.54,-3.16
328,medication_review,region,East Midlands,32.13167796958163,25.563254397545215,30.118573104209922,sustained drop,36.563566386273116,34.43234743397799,6.19,36.802599440233685,33.806554594650464,8.86,33.01887157744068,30.629290339828433,7.8,1.6099999999999994
329,medication_review,age_band,40-49,25.10089783108149,21.729346464018455,23.168480723082514,no change,28.54041004973435,34.43009561789609,-17.11,28.502532856422096,33.803799620870706,-15.68,25.689870440645617,30.625857794078915,-16.12,0.9899999999999984
330,medication_review,age_band,30-39,16.28960120222812,14.920770590354161,15.926601263174279,no change,18.30003998666241,34.43009561789609,-46.85,18.78269847139722,33.803799620870706,-44.44,17.65166812378151,30.625857794078915,-42.36,4.490000000000002
331,medication_review,age_band,70-79,72.25069524140888,54.64575617441339,63.76979332091866,sustained drop,82.68145945291018,34.43009561789609,140.14,78.98340886428939,33.803799620870706,133.65,70.27958037022682,30.625857794078915,129.48,-10.659999999999997
332,medication_review,age_band,50-59,37.14155184997409,30.250743363393106,33.65721331986166,sustained drop,41.86929331216652,34.43009561789609,21.61,41.41858832570234,33.803799620870706,22.53,37.40954652626363,30.625857794078915,22.15,0.5399999999999991
333,medication_review,age_band,20-29,13.334696023855875,12.285352510298624,13.458565257089452,no change,14.870601383475476,34.43009561789609,-56.81,15.309053716871526,33.803799620870706,-54.71,15.068825847013485,30.625857794078915,-50.8,6.010000000000005
334,medication_review,age_band,60-69,54.261733863616406,41.875220937180316,47.567616839378346,sustained drop,61.391074803588424,34.43009561789609,78.31,59.21553573889063,33.803799620870706,75.17,52.6374276199526,30.625857794078915,71.87,-6.439999999999998
335,medication_review,age_band,80+,88.31343701329102,70.37823956326163,81.21601816303958,sustained drop,102.7196401853334,34.43009561789609,198.34,97.20079040308063,33.803799620870706,187.54,88.77149710825641,30.625857794078915,189.86,-8.47999999999999
336,medication_review,age_band,0-19,7.662635952044543,7.2432397832418385,6.782910540397338,no change,8.371683073459776,34.43009561789609,-75.68,8.463733347965128,33.803799620870706,-74.96,6.991233729026331,30.625857794078915,-77.17,-1.4899999999999949
337,medication_review,imd,Most deprived,27.801845365426892,24.3475868697736,25.747858968967563,no change,31.469224553134328,34.412193131955995,-8.55,31.15160365480961,33.79792681382903,-7.83,28.053799689784046,30.608193898236607,-8.35,0.20000000000000107
338,medication_review,imd,3,31.84110700860384,25.230590330726308,28.28249065686535,sustained drop,35.64368911274968,34.412193131955995,3.58,34.79290581767711,33.79792681382903,2.94,31.520783146920195,30.608193898236607,2.98,-0.6000000000000001
339,medication_review,imd,4,31.384370965460437,25.028958651283563,28.67520932553125,sustained drop,35.838696046894796,34.412193131955995,4.15,34.98363324587957,33.79792681382903,3.51,31.774132117351257,30.608193898236607,3.81,-0.3400000000000003
340,medication_review,imd,Least deprived,31.372899764169066,25.120982512556672,29.223374885870193,sustained drop,35.825717100745294,34.412193131955995,4.11,35.509095250298,33.79792681382903,5.06,32.07572730605511,30.608193898236607,4.79,0.6799999999999997
341,medication_review,imd,2,29.247363193978703,24.831621569898033,26.871517436632807,sustained drop,33.30773771818397,34.412193131955995,-3.21,32.57391483369747,33.79792681382903,-3.62,29.639932462690094,30.608193898236607,-3.16,0.04999999999999982
342,medication_review,sex,F,33.8656351420456,27.837285314831604,31.208117162625186,sustained drop,38.270324143208875,34.43006087063634,11.15,37.61157546967137,33.8036480058958,11.26,34.2851662148285,30.62566631075639,11.95,0.7999999999999989
343,medication_review,sex,M,26.841813752359144,22.025294502347947,24.393878943186095,sustained drop,30.58472274405319,34.43006087063634,-11.17,29.993660626300585,33.8036480058958,-11.27,26.96945227628093,30.62566631075639,-11.94,-0.7699999999999996
344,medication_review,learning_disability,No record of a learning disability,30.20930202359493,24.810977943355116,27.65380383644615,sustained drop,34.20525123627747,34.43009561789609,-0.65,33.56834920456479,33.803799620870706,-0.7,30.309048654313717,30.625857794078915,-1.03,-0.38
345,medication_review,learning_disability,Record of a learning disability,58.03969446028546,47.51051756570064,53.81757161692437,sustained drop,77.12075811528062,34.43009561789609,123.99,77.80455632353146,33.803799620870706,130.17,88.31288247663493,30.625857794078915,188.36,64.37000000000002
346,medication_review,ethnicity,Mixed,15.391718366758044,13.416058240579039,14.803952882875036,no change,17.61286042955812,33.546903226417434,-47.5,17.35909200671551,33.31029597158217,-47.89,15.759587559285103,30.599815067123377,-48.5,-1.0
347,medication_review,ethnicity,White,33.764952358117924,28.073951165402484,32.03582244642397,sustained drop,38.34034950542449,33.546903226417434,14.29,38.141392982137894,33.31029597158217,14.5,35.28916084410712,30.599815067123377,15.32,1.0300000000000011
348,medication_review,ethnicity,Missing,14.15534597242952,11.680015236999477,13.178445665874037,sustained drop,15.936605853189258,33.546903226417434,-52.49,15.845992029904773,33.31029597158217,-52.43,14.274416020443295,30.599815067123377,-53.35,-0.8599999999999994
349,medication_review,ethnicity,Asian,21.933259914921017,16.756176807603346,18.492245528619865,none,22.79287008528426,33.546903226417434,-32.06,23.181624563558856,33.31029597158217,-30.41,20.406198041741916,30.599815067123377,-33.31,-1.25
350,medication_review,ethnicity,Black,18.488036920944445,15.70380000541697,16.73671103463457,sustained drop,20.56268098723881,33.546903226417434,-38.7,20.273864115830268,33.31029597158217,-39.14,17.869838651065137,30.599815067123377,-41.6,-2.8999999999999986
351,medication_review,ethnicity,Other,14.306748202521305,11.268183535069033,13.084115415597145,sustained drop,15.910344595270013,33.546903226417434,-52.57,15.383110241833995,33.31029597158217,-53.82,13.76432829117842,30.599815067123377,-55.02,-2.450000000000003
