,measure,demographic,demographic_subset,2019_val,2019_change,2020_val,2020_change,2021_val,2021_change,classification,diff
24,qrisk2,learning_disability,Record of a learning disability,5.710797503634509,-0.2,0.9288239839524193,-0.66,5.161512645331416,35.45,increase,35.650000000000006
73,copd,age_band,70-79,4.750254709695841,332.62,3.804159369654727,306.73,4.080375885711404,301.62,sustained drop,-31.0
320,systolic_bp,age_band,80+,143.31486168114168,169.24,30.817780078097314,247.24,99.64787472296456,198.92,increase,29.67999999999998
64,copd,region,North East,1.5191627240560461,38.36,1.111736268341165,18.86,1.1656957047000454,14.74,sustained drop,-23.619999999999997
77,copd,age_band,80+,4.121870878864569,275.39,3.5991026556053534,284.8,4.053060976513053,298.93,increase,23.54000000000002
7,qrisk2,region,London,6.803655809694809,18.9,1.188819076855116,27.15,5.356113805835083,40.56,increase,21.660000000000004
69,copd,region,West Midlands,1.0334922412089833,-5.88,0.8874816622460858,-5.11,0.7392143063283834,-27.24,none,-21.36
76,copd,age_band,60-69,2.9134323331012384,165.34,2.446341593125217,161.55,2.484872648361796,144.58,none,-20.75999999999999
47,asthma,age_band,0-19,2.8774933768462803,-23.58,2.716869992081099,-31.34,1.894189741006952,-44.24,none,-20.660000000000004
137,cholesterol,age_band,80+,45.39521294791936,131.57,5.2161027495594885,132.61,46.27896544578261,151.12,increase,19.55000000000001
3,qrisk2,region,North East,5.590264267038077,-2.3,1.0178121644358187,8.86,2.978298391033165,-21.84,none,-19.54
324,systolic_bp,age_band,70-79,115.57106138441273,117.12,20.444260541936085,130.36,78.80636393964241,136.4,increase,19.28
28,qrisk2,ethnicity,Asian,5.7942962661960555,1.26,1.1075550206222855,18.46,4.523846693577579,18.72,increase,17.459999999999997
65,copd,region,South East,1.0241352643909372,-6.73,0.8080726964281681,-13.6,0.7908961842387656,-22.15,none,-15.419999999999998
10,qrisk2,age_band,40-49,8.73297344036568,52.62,1.2524600746203882,33.96,5.236777185632482,37.43,sustained drop,-15.189999999999998
318,systolic_bp,region,West Midlands,51.77289514613276,-2.74,8.380088505850413,-5.58,27.39143422764763,-17.83,none,-15.089999999999998
61,asthma,ethnicity,Other,2.3042118499253066,-38.8,2.222192396995918,-43.84,1.5708626814398816,-53.76,no change,-14.96
39,asthma,region,West Midlands,3.7722466804127888,0.19,3.469154711578556,-12.33,2.9295164222027577,-13.76,no change,-13.95
14,qrisk2,age_band,60-69,13.88001266260706,142.57,2.3012660286991533,146.13,8.713140066311784,128.65,no change,-13.919999999999987
67,copd,region,London,0.5884342780527569,-46.41,0.7092755644823617,-24.17,0.4042568594801998,-60.21,increase,-13.800000000000004
60,asthma,ethnicity,Black,3.252634397593208,-13.62,3.6438160757653724,-7.92,2.4886615504311047,-26.74,no change,-13.12
148,cholesterol,learning_disability,Record of a learning disability,26.626292158295918,35.83,3.2313708349269037,44.1,27.448160134244276,48.94,no change,13.11
286,hba1c,region,Yorkshire and The Humber,25.65752685132595,7.78,3.453852706385585,-2.09,23.286443667024905,-4.83,no change,-12.61
34,asthma,region,South East,3.3441151490316314,-11.19,2.7968851558049486,-29.32,2.5891838689715287,-23.78,recovery,-12.590000000000002
337,systolic_bp,ethnicity,Asian,49.63398762094898,-6.75,6.293368347147377,-29.09,26.909768386597612,-19.28,recovery,-12.530000000000001
44,asthma,age_band,20-29,2.5369121542653588,-32.62,3.3747155274232874,-14.72,2.7053674848831832,-20.36,increase,12.259999999999998
326,systolic_bp,age_band,20-29,38.0879693658379,-28.45,6.432550209900825,-27.52,19.76711236902764,-40.7,no change,-12.250000000000004
306,hba1c,ethnicity,Asian,30.292620140856037,27.25,3.6594298705522275,3.74,28.151810482217698,15.05,recovery,-12.2
334,systolic_bp,learning_disability,Record of a learning disability,73.93514911526815,38.9,11.33321365293204,27.7,50.304147189260455,50.9,no change,12.0
27,qrisk2,ethnicity,Black,6.072109250712744,6.12,1.2982674719897438,38.86,4.498411188726581,18.05,increase,11.93
285,hba1c,region,West Midlands,25.990303411031007,9.18,3.0127932652358593,-14.59,23.909026009204737,-2.29,recovery,-11.469999999999999
293,hba1c,age_band,60-69,46.36825864129591,94.78,6.47639217796353,83.59,44.867500906741064,83.36,no change,-11.420000000000002
37,asthma,region,South West,4.11053060642315,9.17,3.8179099367166276,-3.52,3.3325891571124044,-1.89,no change,-11.06
59,asthma,ethnicity,Asian,4.028851734722656,7.0,4.649664298979068,17.5,3.260074579709996,-4.03,no change,-11.030000000000001
294,hba1c,age_band,80+,59.26702309979147,148.97,9.342667209512774,164.84,63.57230302914293,159.8,increase,10.830000000000013
281,hba1c,region,East,19.020745972668863,-20.1,3.0046757528714045,-14.83,22.16761569391154,-9.41,no change,10.690000000000001
344,medication_review,region,South East,30.13503764979641,-0.59,25.514518958339085,4.67,24.448953720684752,-11.03,no change,-10.44
11,qrisk2,age_band,30-39,1.4419996852396346,-74.8,0.3831804685758145,-59.02,1.3497710355049604,-64.58,increase,10.219999999999999
68,copd,region,South West,1.1819466184338177,7.64,0.8908456519005464,-4.75,0.9908346296402989,-2.47,no change,-10.11
325,systolic_bp,age_band,30-39,37.95450298405465,-28.7,6.78915678796395,-23.5,20.464364215153736,-38.61,no change,-9.91
41,asthma,age_band,30-39,2.7323366322988067,-27.43,3.7322543411166182,-5.68,2.7947926948579482,-17.72,increase,9.71
229,alt,age_band,60-69,56.094396001984386,82.86,13.270308232784105,80.24,52.27654242686421,73.33,no change,-9.530000000000001
167,alt,age_band,60-69,56.094396001984386,82.86,13.270308232784105,80.24,52.27654242686421,73.33,no change,-9.530000000000001
138,cholesterol,age_band,60-69,41.398940042873335,111.19,4.567338524249125,103.68,37.176574943153945,101.73,no change,-9.459999999999994
83,copd,imd,Most deprived,1.4873945056951359,35.46,1.339224214482199,43.18,1.280780450033709,26.06,no change,-9.400000000000002
102,sodium,age_band,60-69,68.01424662452948,83.23,16.31102949687325,76.67,63.08811301727807,74.19,no change,-9.040000000000006
322,systolic_bp,age_band,40-49,47.477157210698785,-10.81,6.356492057358558,-28.38,26.75923984125739,-19.73,recovery,-8.92
130,cholesterol,region,North East,20.553698902129916,4.85,2.78069534542847,24.0,17.694755542242483,-3.98,increase,-8.83
166,alt,age_band,80+,78.94004711910306,157.34,22.307513528571125,202.98,80.2406203263921,166.05,increase,8.710000000000008
228,alt,age_band,80+,78.94004711910306,157.34,22.307513528571125,202.98,80.2406203263921,166.05,increase,8.710000000000008
310,systolic_bp,region,South West,54.01818814499857,1.48,10.359868312408056,16.73,36.717294655374396,10.14,increase,8.66
338,systolic_bp,ethnicity,Black,49.7936585442689,-6.45,7.8437745456515255,-11.62,28.319657737620126,-15.05,no change,-8.600000000000001
313,systolic_bp,region,North West,58.48070347801338,9.87,10.067648151975925,13.44,39.482727725428774,18.44,no change,8.570000000000002
45,asthma,age_band,60-69,5.335533269331825,41.7,4.831290022867976,22.09,4.529300853811129,33.34,recovery,-8.36
12,qrisk2,age_band,70-79,9.929809445698787,73.54,1.612384668358699,72.45,6.9272161642658245,81.79,no change,8.25
132,cholesterol,region,East,17.156931651971693,-12.48,1.9367328039372373,-13.63,17.644313597054914,-4.26,no change,8.22
276,rbc,ethnicity,Asian,36.59076825628653,11.98,6.582718615981739,-23.61,33.44364176806865,3.77,recovery,-8.21
30,qrisk2,ethnicity,White,6.198212387044872,8.32,0.9789998148180563,4.71,3.8173752409033987,0.18,no change,-8.14
340,systolic_bp,ethnicity,Other,35.463797865594806,-33.38,4.992742883328188,-43.74,19.514343077108563,-41.46,no change,-8.079999999999998
105,sodium,age_band,70-79,93.96129610669806,153.13,23.544701422298107,155.02,88.80123848497841,145.19,no change,-7.939999999999998
13,qrisk2,age_band,50-59,11.878784277092807,107.6,1.9718339061520485,110.9,7.6110743419090365,99.73,no change,-7.86999999999999
180,alt,learning_disability,Record of a learning disability,41.260712765359315,34.51,8.437468291198027,14.6,42.88775020975668,42.2,recovery,7.690000000000005
242,alt,learning_disability,Record of a learning disability,41.260712765359315,34.51,8.437468291198027,14.6,42.88775020975668,42.2,recovery,7.690000000000005
133,cholesterol,age_band,50-59,28.117786233882484,43.44,3.3103758650213067,47.62,25.04449173776466,35.9,no change,-7.539999999999999
134,cholesterol,age_band,40-49,18.28589874015855,-6.72,2.0513212875135256,-8.52,15.819190950582636,-14.16,no change,-7.44
32,asthma,region,London,3.0573935996835395,-18.8,3.6721694087854497,-7.2,2.5112575110403244,-26.07,no change,-7.27
342,medication_review,region,North West,36.298182824750384,19.74,32.64792392663994,33.93,34.8874782107217,26.95,no change,7.210000000000001
82,copd,imd,2,1.2508640696264304,13.92,1.084261401217428,15.92,1.0850890299462845,6.8,no change,-7.12
94,sodium,region,West Midlands,35.17115948710414,-5.25,6.119483907705946,-33.72,31.76089961368458,-12.31,recovery,-7.0600000000000005
35,asthma,region,North West,3.70277235211328,-1.66,4.268888546006274,7.88,3.5770882810511404,5.31,no change,6.97
263,rbc,age_band,80+,86.61980532060909,165.08,26.91209024871473,212.31,87.67095469976141,172.04,increase,6.9599999999999795
2,qrisk2,region,South East,4.888868340033175,-14.56,0.6832229552874807,-26.93,2.9927661781756454,-21.46,no change,-6.9
198,tsh,age_band,60-69,33.022077342790844,57.51,5.300537131523708,47.13,31.27653438396568,50.68,no change,-6.829999999999998
214,tsh,ethnicity,Asian,25.689900780446884,22.54,3.340293544631975,-7.28,24.033972024317034,15.79,recovery,-6.75
311,systolic_bp,region,South East,51.92752137098587,-2.45,8.705603055618992,-1.91,30.321232746856282,-9.04,no change,-6.589999999999999
170,alt,age_band,70-79,72.06899150934402,134.94,17.511857340866857,137.85,68.89334438058381,128.42,no change,-6.52000000000001
232,alt,age_band,70-79,72.06899150934402,134.94,17.511857340866857,137.85,68.89334438058381,128.42,no change,-6.52000000000001
15,qrisk2,age_band,80+,2.3618387376854484,-58.72,0.3988929895381248,-57.34,1.819300060504627,-52.26,no change,6.460000000000001
18,qrisk2,imd,4,5.898653329141817,3.09,0.867141736759232,-7.25,3.6826973171655153,-3.36,no change,-6.449999999999999
85,copd,sex,M,1.161379555715936,5.77,0.9587044054170922,2.5,1.009347130059886,-0.65,no change,-6.42
74,copd,age_band,50-59,1.0885841967412426,-0.86,1.0247926022231382,9.57,0.9420540450085132,-7.28,no change,-6.42
272,rbc,learning_disability,Record of a learning disability,44.264704701167055,35.46,9.4755656850272,9.96,45.70448279995205,41.82,recovery,6.359999999999999
200,tsh,age_band,70-79,40.441060850283606,92.9,6.548612912092983,81.78,38.72883013519874,86.58,no change,-6.320000000000007
352,medication_review,age_band,70-79,72.25069524140888,138.35,54.64575617441339,124.17,63.76979332091866,132.05,no change,-6.299999999999983
117,sodium,learning_disability,Record of a learning disability,47.85503730893728,28.92,10.521468322419,13.96,48.90327220424308,35.03,no change,6.109999999999999
17,qrisk2,imd,Least deprived,6.009547652022151,5.02,0.8858538854688978,-5.25,3.7695413851782646,-1.08,no change,-6.1
183,alt,ethnicity,Asian,31.761642740247357,3.54,5.112260001884424,-30.57,29.423588392281726,-2.44,recovery,-5.98
245,alt,ethnicity,Asian,31.761642740247357,3.54,5.112260001884424,-30.57,29.423588392281726,-2.44,recovery,-5.98
153,cholesterol,ethnicity,Asian,22.737459814543257,15.99,2.2442882196144223,0.08,20.28554387662382,10.07,recovery,-5.92
355,medication_review,age_band,60-69,54.261733863616406,79.0,41.875220937180316,71.78,47.567616839378346,73.1,no change,-5.900000000000006
295,hba1c,age_band,50-59,32.564050659867114,36.79,4.809603840365303,36.34,32.039167778019554,30.94,no change,-5.849999999999998
55,asthma,learning_disability,Record of a learning disability,6.2409137276005815,65.75,5.128045020644869,29.59,5.438691118302769,60.11,recovery,-5.640000000000001
323,systolic_bp,age_band,50-59,63.67521129428544,19.62,9.385953785847924,5.76,38.01744876715825,14.04,no change,-5.580000000000002
292,hba1c,age_band,20-29,7.636451751689212,-67.92,1.5775297435884006,-55.28,9.198846001521213,-62.41,no change,5.510000000000005
5,qrisk2,region,East Midlands,5.962906787978776,4.21,1.0218699790052603,9.3,3.763333730902117,-1.24,no change,-5.45
70,copd,region,East Midlands,1.0796693700417686,-1.67,0.8180700674620763,-12.54,1.0543905044386055,3.78,no change,5.449999999999999
259,rbc,age_band,70-79,70.01533998814932,114.27,18.849845220785,118.75,67.32191900449108,108.9,no change,-5.36999999999999
0,qrisk2,region,South West,4.7287086687561555,-17.36,0.7920648075061321,-15.28,2.944897351692881,-22.72,no change,-5.359999999999999
42,asthma,age_band,70-79,5.323819512285219,41.39,4.372379267841377,10.49,4.623379021423639,36.11,recovery,-5.280000000000001
282,hba1c,region,London,23.59220949985551,-0.89,2.51996572326914,-28.57,22.971403750090495,-6.12,recovery,-5.23
21,qrisk2,imd,Most deprived,4.5265591839276125,-20.89,0.8923967835973445,-4.55,3.213423914131806,-15.67,increase,5.220000000000001
217,alt,region,West Midlands,28.584166290928064,-6.82,4.734245181196697,-35.7,26.53273048550178,-12.03,recovery,-5.209999999999999
155,alt,region,West Midlands,28.584166290928064,-6.82,4.734245181196697,-35.7,26.53273048550178,-12.03,recovery,-5.209999999999999
290,hba1c,age_band,30-39,11.792981566056195,-50.46,2.219265819153545,-37.09,13.394038182141845,-45.26,no change,5.200000000000003
368,medication_review,ethnicity,White,33.764952358117924,11.39,28.073951165402484,15.17,32.03582244642397,16.58,no change,5.189999999999998
71,copd,age_band,40-49,0.2855247384013272,-74.0,0.2661799131893433,-71.54,0.21163546831151075,-79.17,no change,-5.170000000000002
283,hba1c,region,South West,21.89290979580143,-8.03,3.8709364636154695,9.73,23.76082656373029,-2.9,increase,5.129999999999999
369,medication_review,ethnicity,Asian,21.933259914921017,-27.64,16.756176807603346,-31.26,18.492245528619865,-32.71,no change,-5.07
119,sodium,ethnicity,Asian,35.95473709075942,-3.14,5.956603538462006,-35.48,33.24521239091388,-8.21,recovery,-5.07
62,copd,region,Yorkshire and The Humber,1.2803572228873155,16.61,1.3354742024017014,42.78,1.2353220346255462,21.59,increase,4.98
354,medication_review,age_band,20-29,13.334696023855875,-56.01,12.285352510298624,-49.6,13.458565257089452,-51.03,no change,4.979999999999997
129,cholesterol,region,South East,14.848377945813933,-24.25,1.6537885308887044,-26.25,13.058546966030885,-29.14,no change,-4.890000000000001
287,hba1c,region,North East,24.62389131122562,3.44,4.413529767167565,25.11,24.13946484462052,-1.35,increase,-4.79
291,hba1c,age_band,70-79,57.55266038723861,141.77,7.827836170061902,121.9,57.98949876670235,136.99,recovery,-4.780000000000001
316,systolic_bp,region,East,52.88172149978842,-0.65,8.410361068283443,-5.24,31.526050256132535,-5.43,no change,-4.779999999999999
197,tsh,age_band,80+,46.50468879622712,121.82,9.270141211414932,157.32,47.015507327551404,126.5,increase,4.680000000000007
140,cholesterol,age_band,70-79,49.59663269039831,153.01,5.1334054049853775,128.92,47.489217271211736,157.69,recovery,4.680000000000007
262,rbc,age_band,60-69,51.744703094037334,58.36,13.303937608904436,54.39,49.52931808859368,53.69,no change,-4.670000000000002
53,asthma,sex,M,3.1429638889430906,-16.53,3.258128891222411,-17.67,2.6772014585413393,-21.19,no change,-4.66
317,systolic_bp,region,London,42.05610643821039,-20.99,5.7586561442693665,-35.11,24.788242959530876,-25.64,no change,-4.650000000000002
40,asthma,age_band,40-49,3.8903960950845993,3.32,4.774843297827676,20.66,3.6660001696925844,7.92,increase,4.6
336,systolic_bp,ethnicity,Mixed,31.874188428798153,-40.12,4.952448082142782,-44.2,18.44565753941752,-44.67,no change,-4.550000000000004
107,sodium,age_band,80+,115.1745197104268,210.27,34.627867455441844,275.07,113.9584257478397,214.65,increase,4.3799999999999955
366,medication_review,learning_disability,Record of a learning disability,58.03969446028546,91.47,47.51051756570064,94.9,53.81757161692437,95.84,no change,4.3700000000000045
81,copd,imd,3,1.0942240905815326,-0.35,0.8962755336894157,-4.17,0.9685312876083079,-4.67,no change,-4.32
305,hba1c,ethnicity,Other,17.46214278805335,-26.65,2.2030190372289127,-37.55,16.90206308961955,-30.93,no change,-4.280000000000001
351,medication_review,age_band,30-39,16.28960120222812,-46.26,14.920770590354161,-38.79,15.926601263174279,-42.04,no change,4.219999999999999
356,medication_review,age_band,80+,88.31343701329102,191.34,70.37823956326163,188.71,81.21601816303958,195.54,no change,4.199999999999989
303,hba1c,learning_disability,Record of a learning disability,34.03185516582196,42.96,5.034382097893364,42.71,35.995744935874384,47.11,no change,4.149999999999999
58,asthma,ethnicity,Mixed,3.312653296782571,-12.02,3.7925810591874094,-4.16,2.8504505550877397,-16.09,no change,-4.07
20,qrisk2,imd,2,5.217007977742596,-8.83,0.9224720572385937,-1.34,3.628801780933185,-4.77,no change,4.0600000000000005
89,copd,ethnicity,White,1.2994872041517547,18.35,1.1364850808766014,21.51,1.2436499196248567,22.41,no change,4.059999999999999
345,medication_review,region,East,29.521506852968802,-2.61,25.45701467561455,4.43,27.874463788302066,1.43,no change,4.04
195,tsh,age_band,20-29,11.8662870914195,-43.4,2.314408650585181,-35.76,12.584615231653096,-39.37,no change,4.030000000000001
301,hba1c,sex,F,24.554150823346344,3.15,3.5431922008132033,0.44,26.22739160451392,7.18,no change,4.029999999999999
309,hba1c,ethnicity,Black,23.492998566635688,-1.31,3.4813069346261836,-1.31,23.164213013296944,-5.33,no change,-4.02
252,rbc,region,North West,37.217296888462634,13.9,9.816793937576602,13.92,37.98543179358182,17.87,no change,3.9700000000000006
87,copd,learning_disability,No record of a learning disability,1.1114838878545348,1.23,0.9507257531752996,1.65,0.9885915766287695,-2.7,no change,-3.93
211,tsh,learning_disability,Record of a learning disability,34.08004754981888,62.56,5.206097456271123,44.51,34.557413400455474,66.48,recovery,3.9200000000000017
193,tsh,region,North East,20.897351511162345,-0.32,4.1236294079981795,14.47,19.88900628050139,-4.18,no change,-3.86
135,cholesterol,age_band,30-39,6.488697665447044,-66.9,0.9701740687845758,-56.74,6.803159649047915,-63.08,no change,3.8200000000000074
302,hba1c,sex,M,21.73610236493504,-8.69,3.405820516107675,-3.45,21.407852330298343,-12.51,no change,-3.8200000000000003
327,systolic_bp,imd,Most deprived,51.68057427316179,-2.91,8.3521713066337,-5.89,31.094178665118047,-6.72,no change,-3.8099999999999996
329,systolic_bp,imd,2,52.988694624500646,-0.45,8.45963114547695,-4.68,31.92259224719139,-4.24,no change,-3.79
38,asthma,region,Yorkshire and The Humber,3.8662628654517674,2.68,4.968766713421836,25.56,3.616672701702344,6.47,increase,3.7899999999999996
36,asthma,region,East Midlands,3.5405592318882064,-5.97,3.74207255420372,-5.44,3.3205325707630773,-2.25,no change,3.7199999999999998
278,rbc,ethnicity,White,34.26894258483516,4.87,9.58915405018707,11.28,34.98905388243026,8.57,no change,3.7
275,rbc,ethnicity,Black,29.698993494731205,-9.11,6.453418560349575,-25.11,28.112969438698432,-12.77,recovery,-3.66
188,tsh,region,West Midlands,22.34876310230053,6.6,2.636194107081377,-26.82,21.377470165614383,2.99,recovery,-3.6099999999999994
349,medication_review,region,East Midlands,32.13167796958163,6.0,25.563254397545215,4.87,30.118573104209922,9.6,no change,3.5999999999999996
226,alt,age_band,50-59,39.717692387215315,29.48,9.445105753961961,28.28,37.968088746908606,25.89,no change,-3.59
164,alt,age_band,50-59,39.717692387215315,29.48,9.445105753961961,28.28,37.968088746908606,25.89,no change,-3.59
274,rbc,ethnicity,Other,23.308650466968306,-28.67,4.649539743498793,-46.04,21.831321848620558,-32.26,recovery,-3.5899999999999963
122,sodium,ethnicity,White,40.04404246463125,7.88,10.380380756187241,12.43,40.363475492242245,11.45,no change,3.5699999999999994
225,alt,region,East,29.201619943353883,-4.81,7.124998980293598,-3.23,29.772048477113856,-1.29,no change,3.5199999999999996
163,alt,region,East,29.201619943353883,-4.81,7.124998980293598,-3.23,29.772048477113856,-1.29,no change,3.5199999999999996
150,cholesterol,ethnicity,Other,13.633969929175578,-30.45,1.3402178477136726,-40.23,12.173748945040774,-33.94,no change,-3.4899999999999984
22,qrisk2,sex,M,4.980273272634801,-12.96,0.8963956995997332,-4.13,3.1853486862607707,-16.41,no change,-3.4499999999999993
249,rbc,region,West Midlands,31.17904239851258,-4.58,5.788318964342219,-32.83,29.66882186454151,-7.94,recovery,-3.3600000000000003
184,alt,ethnicity,Black,26.026981901806668,-15.15,5.021532461200942,-31.8,24.61439189109711,-18.39,recovery,-3.24
246,alt,ethnicity,Black,26.026981901806668,-15.15,5.021532461200942,-31.8,24.61439189109711,-18.39,recovery,-3.24
201,tsh,age_band,30-39,15.428674428548947,-26.41,3.1440826303203844,-12.73,15.944896352510948,-23.18,no change,3.2300000000000004
63,copd,region,North West,1.5063529008136547,37.19,1.309099942842115,39.96,1.3615733006053423,34.02,no change,-3.1699999999999946
124,cholesterol,region,Yorkshire and The Humber,18.531347368735556,-5.47,1.961913974172883,-12.51,16.838474323653212,-8.63,no change,-3.160000000000001
191,tsh,region,East,19.640335378446938,-6.32,3.37691292487619,-6.26,20.09966944219185,-3.17,no change,3.1500000000000004
300,hba1c,imd,Most deprived,23.015883904289215,-3.32,3.5307963907414672,0.09,22.88654538051278,-6.47,no change,-3.15
139,cholesterol,age_band,20-29,3.198256635286321,-83.68,0.536209528947458,-76.09,3.576997582303589,-80.59,no change,3.0900000000000034
168,alt,age_band,20-29,13.11314891954576,-57.25,3.305643359774989,-55.1,13.82478246532122,-54.16,no change,3.0900000000000034
230,alt,age_band,20-29,13.11314891954576,-57.25,3.305643359774989,-55.1,13.82478246532122,-54.16,no change,3.0900000000000034
367,medication_review,ethnicity,Mixed,15.391718366758044,-49.22,13.416058240579039,-44.96,14.803952882875036,-46.13,no change,3.0899999999999963
280,hba1c,region,South East,20.159060810327237,-15.32,3.163905751620537,-10.31,21.47057884965902,-12.26,no change,3.0600000000000005
109,sodium,age_band,20-29,13.888893467822097,-62.58,3.4274198828326536,-62.88,14.650345420710659,-59.55,no change,3.030000000000001
106,sodium,age_band,50-59,46.28262580003355,24.68,11.236129778198414,21.7,44.067061005072354,21.67,no change,-3.009999999999998
253,rbc,region,North East,33.37066843159858,2.12,8.883955866508561,3.1,31.958287582182898,-0.83,no change,-2.95
332,systolic_bp,sex,F,64.17046821969178,20.55,10.612421109717204,19.58,39.21159417600259,17.63,no change,-2.9200000000000017
104,sodium,age_band,30-39,18.881709985336254,-49.13,4.765162798684169,-48.39,19.47846217867797,-46.22,no change,2.9100000000000037
233,alt,age_band,30-39,17.452348861611664,-43.11,4.40878434597338,-40.12,18.034892510542182,-40.2,no change,2.9099999999999966
171,alt,age_band,30-39,17.452348861611664,-43.11,4.40878434597338,-40.12,18.034892510542182,-40.2,no change,2.9099999999999966
199,tsh,age_band,50-59,26.466183938229577,26.24,4.546469054373465,26.2,25.60671440743747,23.36,no change,-2.879999999999999
361,medication_review,imd,Least deprived,31.372899764169066,3.5,25.120982512556672,3.05,29.223374885870193,6.34,no change,2.84
52,asthma,imd,Least deprived,3.705243780193958,-1.59,3.7596793438144522,-4.99,3.2465943284823706,-4.42,no change,-2.83
88,copd,ethnicity,Other,0.20849678119659956,-81.01,0.22241097329726184,-76.22,0.16425038048425905,-83.83,no change,-2.819999999999993
289,hba1c,age_band,40-49,22.378203929481543,-5.99,3.2137688311037014,-8.9,22.32738181952073,-8.75,no change,-2.76
31,asthma,region,North East,3.918367050078731,4.07,4.617634069884952,16.69,3.4420503973921615,1.33,no change,-2.74
51,asthma,imd,4,3.710947155008281,-1.44,3.7528825574043028,-5.16,3.255168899742921,-4.17,no change,-2.73
49,asthma,imd,2,3.707995066869984,-1.52,4.105378373024533,3.74,3.2529690576229493,-4.24,no change,-2.72
100,sodium,region,South East,36.09997637585321,-2.75,9.465994443872827,2.53,34.24818247176332,-5.44,no change,-2.6900000000000004
116,sodium,sex,M,32.971978645618066,-11.18,8.521298623385773,-7.7,31.203911939673397,-13.84,no change,-2.66
343,medication_review,region,North East,28.050416928800267,-7.47,22.62035606266544,-7.21,26.15777853766541,-4.81,no change,2.66
43,asthma,age_band,50-59,4.61681031520966,22.62,4.9861450235510185,26.0,4.07551240366143,19.98,no change,-2.6400000000000006
296,hba1c,imd,4,22.86316660785276,-3.96,3.459173259469724,-1.94,24.147029811885414,-1.32,no change,2.6399999999999997
26,qrisk2,ethnicity,Other,4.711597364772642,-17.66,0.7055796394257962,-24.53,3.2360819644345504,-15.08,no change,2.58
339,systolic_bp,ethnicity,White,57.755006791455244,8.5,9.645468708397402,8.68,37.027907049033274,11.08,no change,2.58
185,alt,ethnicity,White,32.8322264691001,7.03,8.300423615212189,12.74,33.03801389024574,9.54,no change,2.509999999999999
247,alt,ethnicity,White,32.8322264691001,7.03,8.300423615212189,12.74,33.03801389024574,9.54,no change,2.509999999999999
33,asthma,region,East,3.81935959181349,1.44,3.775751133470169,-4.59,3.3610733166048967,-1.05,no change,-2.49
147,cholesterol,sex,F,18.711910632703315,-4.54,1.981625967619757,-11.63,18.047694436405774,-2.07,no change,2.47
209,tsh,sex,F,25.985408112117543,23.95,4.584014278699806,27.24,26.239239033816457,26.41,no change,2.460000000000001
177,alt,sex,M,26.66687615254187,-13.07,6.611969952209722,-10.2,25.475428633434632,-15.53,no change,-2.459999999999999
239,alt,sex,M,26.66687615254187,-13.07,6.611969952209722,-10.2,25.475428633434632,-15.53,no change,-2.459999999999999
216,tsh,ethnicity,Other,16.02845873590766,-23.55,2.289299156180437,-36.45,15.364399953171167,-25.98,no change,-2.4299999999999997
56,asthma,learning_disability,No record of a learning disability,3.7127262274126926,-1.4,3.936878810224581,-0.51,3.2670467019001026,-3.82,no change,-2.42
57,asthma,ethnicity,White,4.140137638085844,9.96,4.316823733507521,9.09,3.6552927697896034,7.61,no change,-2.3500000000000005
192,tsh,region,South East,20.019722679117585,-4.51,3.7881544573239747,5.15,20.30363155250293,-2.18,no change,2.3299999999999996
115,sodium,sex,F,40.724548159474516,9.71,10.047289198968405,8.83,40.578522400216265,12.04,no change,2.3299999999999983
97,sodium,region,East,35.375347189933166,-4.7,8.687898550030699,-5.9,35.35522147619792,-2.38,no change,2.3200000000000003
178,alt,sex,F,33.645727324432386,9.68,8.143862297690104,10.61,33.76948166834008,11.97,no change,2.290000000000001
240,alt,sex,F,33.645727324432386,9.68,8.143862297690104,10.61,33.76948166834008,11.97,no change,2.290000000000001
6,qrisk2,region,Yorkshire and The Humber,4.89236475329763,-14.5,0.9483844455644488,1.44,3.3444437905281155,-12.23,increase,2.2699999999999996
120,sodium,ethnicity,Black,30.563343676658214,-17.66,6.099509764090896,-33.93,29.001897163329126,-19.92,recovery,-2.2600000000000016
90,copd,ethnicity,Mixed,0.18467753570913287,-83.18,0.1762156248027437,-81.16,0.19357898506538132,-80.95,no change,2.230000000000004
162,alt,region,Yorkshire and The Humber,30.001250772212703,-2.2,7.193005977352196,-2.3,28.83278157935096,-4.4,no change,-2.2
224,alt,region,Yorkshire and The Humber,30.001250772212703,-2.2,7.193005977352196,-2.3,28.83278157935096,-4.4,no change,-2.2
48,asthma,imd,Most deprived,3.8538862323666083,2.35,4.297385357102344,8.6,3.4028292314983544,0.18,no change,-2.17
331,systolic_bp,imd,Least deprived,53.1159652930639,-0.21,9.610899186262346,8.29,33.97651442225686,1.92,no change,2.13
181,alt,ethnicity,Other,20.402592238331167,-33.49,3.6045916361970023,-51.04,19.416491786607303,-35.62,recovery,-2.1299999999999955
243,alt,ethnicity,Other,20.402592238331167,-33.49,3.6045916361970023,-51.04,19.416491786607303,-35.62,recovery,-2.1299999999999955
359,medication_review,imd,3,31.84110700860384,5.04,25.230590330726308,3.5,28.28249065686535,2.92,no change,-2.12
159,alt,region,North East,29.707768003578348,-3.16,7.471481842393547,1.48,28.57127390149871,-5.27,no change,-2.1099999999999994
221,alt,region,North East,29.707768003578348,-3.16,7.471481842393547,1.48,28.57127390149871,-5.27,no change,-2.1099999999999994
154,cholesterol,ethnicity,Black,18.279332776788948,-6.75,2.141509348789758,-4.5,16.805607134275135,-8.81,no change,-2.0600000000000005
161,alt,region,East Midlands,31.150909610536058,1.55,7.809698722973489,6.07,30.009301205014317,-0.5,no change,-2.05
265,rbc,imd,Least deprived,32.37659006572869,-0.92,9.122766954211924,5.87,32.592654119468826,1.13,no change,2.05
223,alt,region,East Midlands,31.150909610536058,1.55,7.809698722973489,6.07,30.009301205014317,-0.5,no change,-2.05
358,medication_review,imd,Most deprived,27.801845365426892,-8.29,24.3475868697736,-0.12,25.747858968967563,-6.3,no change,1.9899999999999993
123,sodium,ethnicity,Other,23.147441615527637,-37.64,4.1663710773702585,-54.87,21.880247493871188,-39.59,recovery,-1.9500000000000028
128,cholesterol,region,East Midlands,20.098479227272826,2.53,2.6448540163532686,17.95,18.53622791975586,0.58,increase,-1.9499999999999997
308,hba1c,ethnicity,White,24.735122477700898,3.91,3.7597232036660495,6.58,25.9019445455918,5.85,no change,1.9399999999999995
213,tsh,ethnicity,White,21.5522970767849,2.8,3.886863045515142,7.89,21.738256791921632,4.73,no change,1.9300000000000006
315,systolic_bp,region,Yorkshire and The Humber,54.12006417310921,1.67,8.239108047482622,-7.17,33.24758654139691,-0.26,no change,-1.93
277,rbc,ethnicity,Mixed,20.542490261145577,-37.13,4.991899341426978,-42.07,19.64100777219625,-39.05,no change,-1.9199999999999946
174,alt,imd,Most deprived,28.18197840143611,-8.13,6.404875975508573,-13.01,27.132103116593573,-10.04,no change,-1.9099999999999984
236,alt,imd,Most deprived,28.18197840143611,-8.13,6.404875975508573,-13.01,27.132103116593573,-10.04,no change,-1.9099999999999984
23,qrisk2,sex,F,5.885698565958,2.86,0.9038279733800051,-3.33,3.992003730863191,4.76,no change,1.9
86,copd,learning_disability,Record of a learning disability,0.5783086079629882,-47.33,0.4448988830696462,-52.43,0.5543569459427065,-45.44,no change,1.8900000000000006
98,sodium,region,North West,41.55896560193686,11.96,9.980310127620262,8.1,41.23069997618817,13.84,no change,1.879999999999999
284,hba1c,region,East Midlands,25.270420331720775,6.16,4.1826822221175055,18.57,25.522725579218438,4.3,no change,-1.8600000000000003
363,medication_review,sex,F,33.8656351420456,11.72,27.837285314831604,14.2,31.208117162625186,13.56,no change,1.8399999999999999
348,medication_review,region,West Midlands,22.904011875028495,-24.44,18.78351404371579,-22.95,20.262572972097193,-26.27,no change,-1.8299999999999983
146,cholesterol,sex,M,18.33339288476157,-6.48,2.283514107715592,1.83,16.898872746833508,-8.3,no change,-1.8200000000000003
144,cholesterol,imd,4,18.420558745678036,-6.03,2.089156114946171,-6.84,17.64626665076444,-4.25,no change,1.7800000000000002
92,copd,ethnicity,Black,0.22642430733851024,-79.38,0.2582089686989337,-72.39,0.1915647648542511,-81.14,no change,-1.7600000000000051
206,tsh,imd,4,20.085038704830012,-4.2,3.625754652328142,0.65,20.244532100952487,-2.47,no change,1.73
255,rbc,region,East,31.411092344412413,-3.87,8.277001204849618,-3.95,31.535563725002262,-2.15,no change,1.7200000000000002
269,rbc,imd,Most deprived,30.935357332441225,-5.33,7.792116840236024,-9.57,29.957746760918756,-7.04,no change,-1.71
215,tsh,ethnicity,Black,18.954667884763808,-9.59,3.0714227675306733,-14.74,18.41710370879467,-11.27,no change,-1.6799999999999997
113,sodium,imd,Most deprived,33.73052767995374,-9.13,8.049813185875388,-12.81,32.30403641922155,-10.81,no change,-1.6799999999999997
314,systolic_bp,region,East Midlands,54.56572396388464,2.51,9.833345731958625,10.8,33.61194096651114,0.83,no change,-1.6799999999999997
341,medication_review,region,Yorkshire and The Humber,32.28603373687092,6.51,24.813005983168722,1.79,28.81654641531927,4.86,no change,-1.6499999999999995
297,hba1c,imd,Least deprived,22.85327251707255,-4.0,3.332669756472952,-5.53,23.88372098443724,-2.39,no change,1.6099999999999999
208,tsh,sex,M,14.384753077393965,-31.39,2.513423236132585,-30.23,13.923019003250687,-32.92,no change,-1.5300000000000011
350,medication_review,age_band,40-49,25.10089783108149,-17.2,21.729346464018455,-10.86,23.168480723082514,-15.69,no change,1.5099999999999998
321,systolic_bp,age_band,60-69,86.61969956892322,62.73,14.139197462311635,59.31,54.746095268515994,64.23,no change,1.500000000000007
319,systolic_bp,age_band,0-19,8.875789270538089,-83.33,1.0675824217987455,-87.97,5.073328003564829,-84.78,no change,-1.4500000000000028
4,qrisk2,region,North West,6.550271543136956,14.47,0.9311203818806594,-0.41,4.4155740028854344,15.88,no change,1.4100000000000001
254,rbc,region,South West,33.10311246967515,1.31,10.995883626469023,27.61,32.197924468514145,-0.09,increase,-1.4000000000000001
110,sodium,imd,Least deprived,38.28922674435483,3.15,9.907810922192148,7.32,37.85751048807615,4.53,no change,1.3800000000000003
175,alt,imd,4,30.86157274738275,0.61,7.925976071981531,7.65,30.761231623198846,1.99,no change,1.38
237,alt,imd,4,30.86157274738275,0.61,7.925976071981531,7.65,30.761231623198846,1.99,no change,1.38
207,tsh,imd,Least deprived,19.765782827204745,-5.72,3.5459623187384626,-1.57,19.85546065427288,-4.34,no change,1.38
84,copd,sex,F,1.055996327556323,-3.83,0.937306167915964,0.21,0.9630385888999198,-5.21,no change,-1.38
335,systolic_bp,learning_disability,No record of a learning disability,53.12432128911762,-0.2,8.92429534277938,0.56,32.82220587933564,-1.54,no change,-1.34
125,cholesterol,region,West Midlands,20.48543738506198,4.5,2.1677168701278116,-3.33,19.012997007700992,3.17,no change,-1.33
141,cholesterol,imd,Most deprived,17.736868155468294,-9.52,2.1733300427599804,-3.08,16.43028549305458,-10.85,no change,-1.33
257,rbc,age_band,0-19,6.5150686759365355,-80.06,1.1162450146577343,-87.05,6.001231962883844,-81.38,no change,-1.3199999999999932
362,medication_review,imd,2,29.247363193978703,-3.52,24.831621569898033,1.87,26.871517436632807,-2.22,no change,1.2999999999999998
190,tsh,region,Yorkshire and The Humber,19.541631528364555,-6.79,3.2147935177152456,-10.76,19.08182609646065,-8.07,no change,-1.2800000000000002
50,asthma,imd,3,3.654768443502648,-2.93,3.7875210835427047,-4.29,3.254031443674961,-4.2,no change,-1.27
264,rbc,age_band,40-49,29.82582990957519,-8.72,7.121920044440472,-17.35,29.817548454436736,-7.48,no change,1.2400000000000002
29,qrisk2,ethnicity,Mixed,3.4107632376280477,-40.39,0.4813053632671955,-48.52,2.318108346157941,-39.17,no change,1.2199999999999989
330,systolic_bp,imd,3,54.18080146559192,1.79,8.999385544153375,1.4,33.527623797577384,0.58,no change,-1.21
202,tsh,age_band,40-49,21.368658458289566,1.93,3.694371452140016,2.55,21.406559418818905,3.13,no change,1.2
176,alt,imd,Least deprived,30.986536632347942,1.01,7.856806621959414,6.71,30.823999710133073,2.2,no change,1.1900000000000002
238,alt,imd,Least deprived,30.986536632347942,1.01,7.856806621959414,6.71,30.823999710133073,2.2,no change,1.1900000000000002
256,rbc,region,London,27.445683819166444,-16.01,4.325340744603511,-49.8,26.68674437124448,-17.19,recovery,-1.1799999999999997
279,hba1c,region,North West,27.65237020316027,16.16,3.4721716793840534,-1.57,28.136122554155023,14.98,recovery,-1.1799999999999997
66,copd,region,East,0.9427202389834552,-14.14,0.7985631184075982,-14.62,0.8842240788363548,-12.97,no change,1.17
46,asthma,age_band,80+,4.375705504765284,16.21,3.814208172690996,-3.61,3.987313170117873,17.38,recovery,1.1699999999999982
101,sodium,region,East Midlands,38.08173732230845,2.59,10.208892517314023,10.58,36.73511753633053,1.43,no change,-1.16
270,rbc,sex,F,38.45256117504696,17.68,10.356920858880581,20.19,38.29727089080821,18.83,no change,1.1499999999999986
80,copd,imd,4,0.937955214831976,-14.58,0.7681948943846832,-17.87,0.8794097193819196,-13.44,no change,1.1400000000000006
99,sodium,region,North East,36.13716284769825,-2.65,9.887318168805095,7.09,34.86079770758541,-3.75,no change,-1.1
266,rbc,imd,4,32.45500522049224,-0.68,9.105823230422354,5.67,32.35540891094941,0.4,no change,1.08
91,copd,ethnicity,Asian,0.2329496861395591,-78.78,0.32095996206836813,-65.68,0.22644966384233614,-77.71,no change,1.0700000000000074
156,alt,region,South West,30.462560726542122,-0.7,9.565985452551105,29.92,30.267867431007662,0.36,increase,1.06
218,alt,region,South West,30.462560726542122,-0.7,9.565985452551105,29.92,30.267867431007662,0.36,increase,1.06
271,rbc,sex,M,25.606776259878043,-21.64,6.8966074492390215,-19.97,24.919642603116504,-22.68,no change,-1.0399999999999991
145,cholesterol,imd,Least deprived,18.373167870298108,-6.27,2.034238019218827,-9.28,17.457701783296077,-5.27,no change,1.0
347,medication_review,region,South West,33.34933854025135,10.02,26.799303685949635,9.94,29.960594668817578,9.02,no change,-1.0
25,qrisk2,learning_disability,No record of a learning disability,5.431723987385642,-5.07,0.8999824198633187,-3.74,3.5795555066868934,-6.06,no change,-0.9899999999999993
365,medication_review,learning_disability,No record of a learning disability,30.20930202359493,-0.34,24.810977943355116,1.78,27.65380383644615,0.63,no change,0.97
96,sodium,region,Yorkshire and The Humber,36.673695791693405,-1.2,8.83035784135951,-4.36,35.43962359931847,-2.15,no change,-0.95
158,alt,region,South East,29.547284078148422,-3.68,7.704295583958,4.64,28.772602955724206,-4.6,no change,-0.9199999999999995
220,alt,region,South East,29.547284078148422,-3.68,7.704295583958,4.64,28.772602955724206,-4.6,no change,-0.9199999999999995
258,rbc,age_band,30-39,23.35094607155893,-28.54,7.092225736591556,-17.7,23.31549416923887,-27.65,no change,0.8900000000000006
1,qrisk2,region,East,5.10972030890803,-10.7,0.7643364513295021,-18.25,3.4368287168638396,-9.81,no change,0.8899999999999988
189,tsh,region,South West,18.05627111058102,-13.87,3.9275990952159465,9.02,18.062177123542856,-12.98,increase,0.8899999999999988
268,rbc,imd,2,31.94956406293686,-2.22,8.266155431925087,-4.07,31.22983999010593,-3.1,no change,-0.8799999999999999
187,tsh,region,North West,23.817042694456465,13.6,3.555628013768354,-1.3,23.75918844628499,14.46,no change,0.8600000000000012
19,qrisk2,imd,3,5.522961140049544,-3.48,0.9333292115527863,-0.17,3.6458672381877575,-4.32,no change,-0.8400000000000003
360,medication_review,imd,4,31.384370965460437,3.53,25.028958651283563,2.67,28.67520932553125,4.35,no change,0.8199999999999998
114,sodium,imd,4,38.11098430513954,2.67,9.925996529345566,7.51,37.47846486909076,3.48,no change,0.81
186,tsh,region,East Midlands,20.47905419605719,-2.32,4.096091179889063,13.7,20.12412240262005,-3.05,increase,-0.73
112,sodium,imd,2,36.01669476858372,-2.97,8.809440271822885,-4.58,34.888934013885134,-3.67,no change,-0.6999999999999997
261,rbc,age_band,20-29,18.94755234956968,-42.01,5.8393806943618785,-32.23,18.911721767718863,-41.32,no change,0.6899999999999977
312,systolic_bp,region,North East,54.90441366319135,3.15,9.787975366597518,10.29,34.16426745678941,2.49,no change,-0.6599999999999997
196,tsh,age_band,0-19,3.7793014596475287,-81.97,0.5212512350472486,-85.53,3.878061886475932,-81.32,no change,0.6500000000000057
251,rbc,region,East Midlands,32.30960282759929,-1.12,9.470237438857037,9.9,31.66647264357768,-1.74,no change,-0.6199999999999999
244,alt,ethnicity,Mixed,17.218294618381186,-43.87,3.6111052664801058,-50.95,16.744582208155485,-44.48,no change,-0.6099999999999994
182,alt,ethnicity,Mixed,17.218294618381186,-43.87,3.6111052664801058,-50.95,16.744582208155485,-44.48,no change,-0.6099999999999994
203,tsh,imd,Most deprived,19.95582351780304,-4.81,3.4089724877174876,-5.37,19.63327959896136,-5.41,no change,-0.6000000000000005
357,medication_review,age_band,0-19,7.662635952044543,-74.72,7.2432397832418385,-70.29,6.782910540397338,-75.32,no change,-0.5999999999999943
152,cholesterol,ethnicity,White,20.18329810486514,2.96,2.3404556212854204,4.37,19.082657619652387,3.55,no change,0.5899999999999999
346,medication_review,region,London,17.490361692990113,-42.3,13.440210904654112,-44.86,15.698255266777673,-42.87,no change,-0.5700000000000003
172,alt,imd,2,29.68968965534986,-3.21,6.974568645686793,-5.27,29.01955082244484,-3.78,no change,-0.5699999999999998
234,alt,imd,2,29.68968965534986,-3.21,6.974568645686793,-5.27,29.01955082244484,-3.78,no change,-0.5699999999999998
121,sodium,ethnicity,Mixed,19.70567017746357,-46.91,4.176573316220254,-54.76,19.43049062593765,-46.35,no change,0.5599999999999952
299,hba1c,imd,2,23.384339885110904,-1.77,3.5180263966344456,-0.27,23.904340021860556,-2.31,no change,-0.54
142,cholesterol,imd,2,18.830071166747,-3.94,2.18300200442518,-2.65,17.7999308083391,-3.41,no change,0.5299999999999998
127,cholesterol,region,London,20.332098750978925,3.72,1.901638066305749,-15.2,19.019184825888654,3.2,recovery,-0.52
131,cholesterol,region,North West,22.726386663391775,15.93,2.0733076559541725,-7.54,21.269330211229818,15.41,recovery,-0.5199999999999996
231,alt,age_band,40-49,27.8822523202531,-9.11,6.3773878234905705,-13.38,27.263514973769695,-9.61,no change,-0.5
169,alt,age_band,40-49,27.8822523202531,-9.11,6.3773878234905705,-13.38,27.263514973769695,-9.61,no change,-0.5
328,systolic_bp,imd,4,54.06906286439924,1.58,9.30538690407229,4.85,34.025558872682076,2.07,no change,0.48999999999999977
79,copd,imd,Least deprived,0.7481783298525074,-31.86,0.6294783479398061,-32.7,0.6873744942955756,-32.34,no change,-0.480000000000004
212,tsh,ethnicity,Mixed,13.250613187130284,-36.8,2.290803122435668,-36.41,13.219024942652226,-36.32,no change,0.4799999999999969
333,systolic_bp,sex,M,42.28573755119628,-20.56,7.261213338761188,-18.18,26.636541740523352,-20.1,no change,0.4599999999999973
298,hba1c,imd,3,23.43349011213869,-1.56,3.5361912799780137,0.24,24.193043600182275,-1.13,no change,0.43000000000000016
93,sodium,region,London,27.98051204256937,-24.62,4.497196855564683,-51.29,27.45819155867661,-24.19,recovery,0.4299999999999997
126,cholesterol,region,South West,15.811955828088092,-19.34,2.158028140420303,-3.76,14.941438132549788,-18.92,increase,0.41999999999999815
371,medication_review,ethnicity,Other,14.306748202521305,-52.8,11.268183535069033,-53.78,13.084115415597145,-52.39,no change,0.4099999999999966
260,rbc,age_band,50-59,38.251183452282135,17.06,9.647564036579091,11.96,37.59758761930302,16.66,no change,-0.3999999999999986
210,tsh,learning_disability,No record of a learning disability,20.11453987444204,-4.06,3.5400173774982875,-1.73,19.99540288685887,-3.67,no change,0.3899999999999997
288,hba1c,age_band,0-19,1.7246490628451867,-92.76,0.2421899813828149,-93.13,1.865356567129808,-92.38,no change,0.38000000000000966
111,sodium,imd,3,37.95916496220771,2.26,9.737706542493793,5.47,36.90517323398481,1.9,no change,-0.3599999999999999
136,cholesterol,age_band,0-19,0.5032032562339251,-97.43,0.08665684805273828,-96.14,0.5375327415667648,-97.08,no change,0.3500000000000085
108,sodium,age_band,0-19,4.694490602820539,-87.35,0.8205261811300316,-91.11,4.707109249644733,-87.0,no change,0.3499999999999943
248,rbc,region,South East,31.803928448602914,-2.67,8.84174573816939,2.61,31.260421965639818,-3.0,no change,-0.33000000000000007
151,cholesterol,ethnicity,Mixed,9.90910402539316,-49.45,1.167757274812212,-47.92,9.257914960751862,-49.76,no change,-0.30999999999999517
219,alt,region,London,25.407421419377417,-17.17,3.930839431469275,-46.61,25.062187794107,-16.9,recovery,0.2700000000000031
157,alt,region,London,25.407421419377417,-17.17,3.930839431469275,-46.61,25.062187794107,-16.9,recovery,0.2700000000000031
149,cholesterol,learning_disability,No record of a learning disability,18.47986245980992,-5.73,2.1267820508102373,-5.16,17.41746535923759,-5.49,no change,0.2400000000000002
118,sodium,learning_disability,No record of a learning disability,36.79201782108589,-0.88,9.277823978494204,0.49,35.81490738997799,-1.11,no change,-0.2300000000000001
235,alt,imd,3,30.924683621856033,0.81,7.7410426439133095,5.14,30.33451676923668,0.58,no change,-0.2300000000000001
173,alt,imd,3,30.924683621856033,0.81,7.7410426439133095,5.14,30.33451676923668,0.58,no change,-0.2300000000000001
205,tsh,imd,3,20.564472248951834,-1.91,3.661750314109321,1.64,20.406340812848544,-1.69,no change,0.21999999999999997
364,medication_review,sex,M,26.841813752359144,-11.45,22.025294502347947,-9.65,24.393878943186095,-11.23,no change,0.21999999999999886
227,alt,age_band,0-19,4.295131913697061,-86.0,0.7915157892333265,-89.25,4.278730666327159,-85.81,no change,0.18999999999999773
165,alt,age_band,0-19,4.295131913697061,-86.0,0.7915157892333265,-89.25,4.278730666327159,-85.81,no change,0.18999999999999773
204,tsh,imd,2,20.51275564025201,-2.16,3.5224331102836746,-2.22,20.273449120731094,-2.33,no change,-0.16999999999999993
179,alt,learning_disability,No record of a learning disability,30.09964738224581,-1.88,7.372478800528082,0.13,29.54537897113312,-2.04,no change,-0.16000000000000014
241,alt,learning_disability,No record of a learning disability,30.09964738224581,-1.88,7.372478800528082,0.13,29.54537897113312,-2.04,no change,-0.16000000000000014
54,asthma,sex,F,4.3086236605959956,14.43,4.627902359596449,16.95,3.881814353434002,14.28,no change,-0.15000000000000036
8,qrisk2,region,West Midlands,5.351868645162598,-6.47,1.0146974636602006,8.53,3.5593675160880376,-6.59,none,-0.1200000000000001
250,rbc,region,Yorkshire and The Humber,30.698988339112173,-6.05,7.95264417784724,-7.71,30.311631074451853,-5.94,no change,0.10999999999999943
370,medication_review,ethnicity,Black,18.488036920944445,-39.01,15.70380000541697,-35.58,16.73671103463457,-39.1,no change,-0.09000000000000341
194,tsh,region,London,20.753553249605194,-1.01,2.6422138846745096,-26.66,20.52790849200029,-1.1,recovery,-0.09000000000000008
103,sodium,age_band,40-49,31.485503218716158,-15.18,7.3475943186662205,-20.42,30.74029190326242,-15.12,no change,0.0600000000000005
304,hba1c,learning_disability,No record of a learning disability,23.08811573690932,-3.01,3.466205086550249,-1.74,23.747589439258324,-2.95,no change,0.05999999999999961
143,cholesterol,imd,3,19.11400409755646,-2.49,2.1834144350118723,-2.63,17.958514646062532,-2.55,no change,-0.05999999999999961
353,medication_review,age_band,50-59,37.14155184997409,22.53,30.250743363393106,24.1,33.65721331986166,22.48,no change,-0.05000000000000071
307,hba1c,ethnicity,Mixed,13.677679988457653,-42.54,2.175079428535359,-38.34,14.070772476939904,-42.5,no change,0.03999999999999915
222,alt,region,North West,35.79379096051805,16.68,7.8119010673677,6.1,35.20142735772187,16.71,no change,0.030000000000001137
160,alt,region,North West,35.79379096051805,16.68,7.8119010673677,6.1,35.20142735772187,16.71,no change,0.030000000000001137
72,copd,age_band,30-39,0.028587222474491924,-97.4,0.030630875274315687,-96.73,0.02671663839639767,-97.37,no change,0.030000000000001137
95,sodium,region,South West,40.5885694541958,9.34,12.29215495260186,33.14,39.60997964317951,9.37,increase,0.02999999999999936
267,rbc,imd,3,32.410283478587225,-0.81,8.896270452042167,3.24,31.97133881819988,-0.79,no change,0.020000000000000018
273,rbc,learning_disability,No record of a learning disability,31.968316937899232,-2.17,8.622682328604867,0.07,31.524559783550302,-2.18,no change,-0.010000000000000231
9,qrisk2,age_band,20-29,0.3089131499085953,-94.6,,,,,none,
16,qrisk2,age_band,0-19,0.0016961907513503092,-99.97,,,,,none,
75,copd,age_band,20-29,,,,,,,none,
78,copd,age_band,0-19,,,,,,,none,
